Index,Name,Form,Pokemon,Gender,CP,HP,Atk IV,Def IV,Sta IV,IV Avg,Level Min,Level Max,Quick Move,Charge Move,Charge Move 2,Scan Date,Catch Date,Weight,Height,Lucky,Shadow/Purified,Favorite,Dust,Rank % (G),Rank # (G),Stat Product (G),Dust Cost (G),Candy Cost (G),Name (G),Form (G),Sha/Pur (G),Rank % (U),Rank # (U),Stat Product (U),Dust Cost (U),Candy Cost (U),Name (U),Form (U),Sha/Pur (U),Rank % (L),Rank # (L),Stat Product (L),Dust Cost (L),Candy Cost (L),Name (L),Form (L),Sha/Pur (L),Marked for PvP use
1,Swinub,,220,♂,367,87,,,,71.1,19.0,19.0,Powder Snow,,,"2023-11-11 18:40",,2.88kg,0.33m,0,0,0,2500,52.37%,304,97.56%,25500,48,Piloswine,,0,79.05%,107,98.44%,450000,277,Piloswine,,0,30.88%,1629,92.77%,40000,35,Swinub,,0,
2,Seel,,86,♂,105,47,,,,19.7,5.0,5.0,Lick,Aqua Tail,,"2023-11-11 18:40",,71.9kg,1.07m,0,0,0,600,74.61%,94,98.37%,127600,172,Dewgong,,0,4.91%,3670,83.15%,517600,346,Dewgong,,0,70.83%,413,96.16%,7600,60,Dewgong,,0,
3,Seel,,86,♀,118,49,,,,55.6,5.0,5.0,Lick,Icy Wind,,"2023-11-11 18:40",,114.28kg,1.13m,0,0,0,600,25.05%,1449,95.62%,98600,148,Dewgong,,0,62.81%,709,92.26%,517600,346,Dewgong,,0,33.36%,366,96.33%,6600,59,Dewgong,,0,
4,Seel,,86,♀,288,79,,,,18.7,13.0,13.0,Lick,Aqua Tail,,"2023-11-11 18:40",,124.65kg,1.24m,0,0,0,1600,76.28%,426,97.32%,118800,158,Dewgong,,0,4.11%,3819,82.29%,502800,326,Dewgong,,0,85.16%,144,97.05%,41800,41,Seel,,0,
5,Skitty,,300,♀,422,92,,,,64.8,22.0,22.0,Feint Attack,Disarming Voice,,"2023-11-11 18:40",,12.4kg,0.64m,0,0,0,3000,48.08%,608,95.77%,339000,288,Delcatty,,0,75.47%,532,91.56%,464000,288,Delcatty,,0,41.10%,758,94.92%,28000,24,Skitty,,0,
6,Skitty,,300,♀,244,72,,,,64.7,13.0,13.0,Tackle,,,"2023-11-11 18:40",,10.67kg,0.62m,0,0,0,1600,60.06%,263,96.84%,403800,326,Delcatty,,0,73.91%,470,91.95%,502800,326,Delcatty,,0,52.75%,294,96.40%,70800,66,Skitty,,0,
7,Skitty,,300,♀,191,62,,,,85.2,9.5,9.5,Feint Attack,Wild Charge,,"2023-11-11 18:40",,9.6kg,0.59m,0,0,0,1000,58.93%,682,95.58%,314000,337,Delcatty,,0,97.26%,46,96.66%,511000,337,Delcatty,,0,73.59%,416,95.56%,5600,57,Delcatty,,0,
8,Skitty,,300,♀,202,65,,,,56.3,11.0,11.0,Tackle,Wild Charge,,"2023-11-11 18:39",,9.71kg,0.62m,0,0,0,1300,67.39%,178,97.26%,436000,334,Delcatty,,0,58.90%,983,89.52%,508000,334,Delcatty,,0,56.19%,356,96.17%,80000,78,Skitty,,0,
9,Skitty,,300,♀,330,86,,,,64.1,18.0,18.0,Feint Attack,,,"2023-11-11 18:39",,7.59kg,0.51m,0,0,0,2200,84.03%,38,98.42%,412400,306,Delcatty,,0,72.79%,604,91.16%,484400,306,Delcatty,,0,72.84%,81,97.79%,56400,50,Skitty,,0,
10,Skitty,,300,♀,245,67,,,,52.0,13.0,13.0,Tackle,Disarming Voice,,"2023-11-11 18:39",,8.67kg,0.57m,0,0,0,1600,35.49%,982,94.99%,403800,326,Delcatty,,0,57.61%,1060,89.17%,502800,326,Delcatty,,0,28.15%,1188,93.88%,70800,66,Skitty,,0,
11,Meditite,,307,♂,65,27,,,,56.6,4.0,4.0,Confusion,Psyshock,,"2023-11-11 18:39",,8.72kg,0.57m,0,0,0,400,69.84%,151,97.63%,518400,348,Medicham,Normal,0,67.57%,608,91.55%,518400,348,Medicham,Normal,0,39.09%,744,95.47%,15600,72,Medicham,Normal,0,
12,Sentret,,161,♂,262,65,,,,55.9,17.0,17.0,Scratch,Brick Break,,"2023-11-11 18:39",,7.11kg,0.84m,0,0,0,2200,49.30%,463,97.31%,143800,159,Furret,,0,63.26%,837,91.17%,488800,285,Furret,,0,42.56%,916,94.31%,143800,134,Sentret,,0,
13,Treecko,,252,♀,351,60,,,,51.9,13.0,13.0,Pound,,,"2023-11-11 18:38",,4kg,0.46m,0,0,0,1600,32.69%,928,95.92%,223800,259,Grovyle,,0,29.72%,927,97.16%,205800,335,Sceptile,Normal,0,51.95%,291,96.35%,20600,22,Treecko,,0,
14,Hoothoot,,163,♀,288,94,,,,49.4,18.0,18.0,Feint Attack,Aerial Ace,,"2023-11-11 18:37",,23.74kg,0.71m,0,0,0,2200,71.75%,24,98.92%,69900,112,Noctowl,,0,43.71%,1411,89.97%,484400,306,Noctowl,,0,67.83%,125,97.22%,112400,100,Hoothoot,,0,
15,Rattata,Normal,19,♂,322,61,,,,64.4,17.0,17.0,Quick Attack,,,"2023-11-11 18:36",,5.63kg,0.38m,0,0,0,2200,50.93%,405,97.06%,150800,167,Raticate,Normal,0,79.22%,500,92.07%,488800,285,Raticate,Normal,0,41.03%,709,94.70%,52800,46,Rattata,Normal,0,
16,Rattata,Normal,19,♂,322,61,,,,64.4,17.0,17.0,Quick Attack,Dig,,"2023-11-11 18:36",,5.63kg,0.33m,0,0,0,2200,50.93%,405,97.06%,150800,167,Raticate,Normal,0,79.22%,500,92.07%,488800,285,Raticate,Normal,0,41.03%,709,94.70%,52800,46,Rattata,Normal,0,
17,Rattata,Normal,19,♂,322,61,,,,64.4,17.0,17.0,Quick Attack,,,"2023-11-11 18:36",,5.63kg,0.32m,0,0,0,2200,50.93%,405,97.06%,150800,167,Raticate,Normal,0,79.22%,500,92.07%,488800,285,Raticate,Normal,0,41.03%,709,94.70%,52800,46,Rattata,Normal,0,
18,Squirtle,,7,♂,314,66,,,,35.6,14.0,14.0,Tackle,Aqua Jet,,"2023-11-11 18:35",,8.6kg,0.47m,0,0,0,1600,70.91%,213,97.57%,45100,168,Blastoise,Normal,0,81.44%,36,99.09%,499600,397,Blastoise,Normal,0,70.92%,174,96.90%,35600,34,Squirtle,,0,
19,Pidgeotto,,17,♀,433,86,,,,64.2,14.0,14.0,Steel Wing,Aerial Ace,,"2023-11-11 18:35",,5.42kg,0.99m,0,0,0,1600,50.23%,617,96.58%,63600,108,Pidgeot,Normal,0,74.07%,537,92.84%,499600,322,Pidgeot,Normal,0,73.35%,182,97.33%,7000,8,Pidgeotto,,0,
20,Eevee,,133,♂,368,75,,,,64.7,13.0,13.0,Tackle,,,"2023-11-11 18:35",,7.52kg,0.3m,0,0,0,1600,63.34%,105,98.01%,16200,43,Glaceon,,0,50.37%,558,97.55%,112800,127,Flareon,,0,44.31%,760,95.00%,16200,18,Eevee,,0,
21,Venonat,,48,♂,314,72,,,,50.7,12.0,12.0,Bug Bite,Poison Fang,,"2023-11-11 18:34",,21.93kg,1m,0,0,0,1300,36.96%,1117,95.57%,77400,124,Venomoth,,0,52.35%,1401,89.41%,505400,330,Venomoth,,0,24.54%,2221,92.31%,25400,28,Venonat,,0,
22,Venonat,,48,♂,305,73,,,,82.2,11.0,11.0,Confusion,Poison Fang,,"2023-11-11 18:34",,32.37kg,0.92m,0,0,0,1300,24.83%,2470,93.98%,68000,117,Venomoth,,0,95.84%,107,95.84%,508000,334,Venomoth,,0,54.05%,1376,93.83%,23600,28,Venonat,,0,
23,Koffing,,109,♂,221,45,,,,64.7,7.0,7.0,Acid,Sludge,,"2023-11-11 18:34",,1.04kg,0.67m,0,0,0,800,52.17%,528,96.69%,64200,116,Weezing,Normal,0,80.25%,157,97.99%,515200,342,Weezing,Normal,0,59.97%,592,95.11%,1600,52,Weezing,Normal,0,
24,Koffing,,109,♀,284,49,,,,53.8,9.0,9.0,Acid,,,"2023-11-11 18:34",,0.71kg,0.48m,0,0,0,1000,8.96%,2833,93.71%,61000,112,Weezing,Normal,0,57.47%,1111,94.70%,512000,338,Weezing,Normal,0,20.77%,2005,92.51%,17500,22,Koffing,,0,
25,Koffing,,109,♀,488,67,,,,68.3,15.0,15.0,Tackle,,,"2023-11-11 18:34",,1.2kg,0.65m,0,0,0,1900,36.12%,1336,95.48%,45400,92,Weezing,Normal,0,86.52%,143,98.06%,496400,318,Weezing,Normal,0,22.01%,2433,91.81%,0,0,Koffing,,0,
26,Staryu,,120,,218,39,,,,83.8,7.0,7.0,Quick Attack,Power Gem,,"2023-11-11 18:33",,28.54kg,0.76m,0,0,0,800,41.69%,1401,95.66%,42700,96,Starmie,,0,47.59%,1177,96.67%,245200,312,Starmie,,0,75.82%,589,95.22%,0,50,Starmie,,0,
27,Staryu,,120,,336,46,,,,62.2,11.0,11.0,Quick Attack,,,"2023-11-11 18:33",,38.63kg,0.85m,0,0,0,1300,7.54%,3464,93.17%,38000,90,Starmie,,0,21.08%,2251,95.64%,289000,334,Starmie,,0,10.87%,3095,90.99%,15400,20,Staryu,,0,
28,Staryu,,120,,236,38,,,,53.5,8.0,8.0,Water Gun,Power Gem,,"2023-11-11 18:33",,27.35kg,0.71m,0,0,0,800,24.16%,2462,94.50%,46600,99,Starmie,,0,18.36%,2200,95.69%,316600,340,Starmie,,0,17.50%,2716,91.64%,22900,28,Staryu,,0,
29,Staryu,,120,,181,34,,,,75.0,6.0,6.0,Water Gun,Power Gem,,"2023-11-11 18:33",,41.11kg,0.94m,0,0,0,600,58.69%,779,96.49%,46400,100,Starmie,,0,33.08%,1602,96.26%,266400,344,Starmie,,0,53.86%,1599,92.35%,1200,52,Starmie,,0,
30,Staryu,,120,,345,50,,,,76.5,11.0,11.0,Quick Attack,Bubble Beam,,"2023-11-11 18:33",,48.22kg,0.87m,0,0,0,1300,77.75%,261,97.58%,38000,90,Starmie,,0,53.67%,735,97.19%,258000,334,Starmie,,0,22.84%,2153,92.54%,13500,18,Staryu,,0,
31,Staryu,,120,,489,60,,,,94.4,15.0,15.0,Tackle,Bubble Beam,,"2023-11-11 18:33",,13.06kg,0.65m,0,0,0,1900,49.15%,469,97.05%,23900,72,Starmie,,0,54.52%,1414,96.43%,208400,264,Starmie,,0,48.79%,2016,92.74%,0,0,Staryu,,0,
32,Staryu,,120,,633,67,13,12,11,80.0,20.0,20.0,Tackle,Bubble Beam,,"2023-11-11 18:33",,46.46kg,0.94m,0,0,0,2500,24.10%,3109,93.71%,2500,52,Starmie,,0,43.86%,2300,95.60%,215000,283,Starmie,,0,,,,,,,,,
33,Jigglypuff,,39,♀,167,105,,,,49.3,9.5,9.5,Feint Attack,,,"2023-11-11 18:32",,6.34kg,0.5m,0,0,0,1000,34.99%,975,96.28%,106000,151,Wigglytuff,,0,51.32%,1360,88.96%,511000,337,Wigglytuff,,0,37.58%,703,94.32%,92000,89,Jigglypuff,,0,
34,Jigglypuff,,39,♀,466,173,,,,66.7,25.0,25.0,Feint Attack,Dazzling Gleam,,"2023-11-11 18:32",,4.99kg,0.44m,0,0,0,4000,34.18%,2564,94.12%,29500,76,Wigglytuff,,0,83.41%,647,91.93%,444000,270,Wigglytuff,,0,50.60%,1870,91.29%,12000,10,Jigglypuff,,0,
35,Nidorino,,33,♂,328,65,,,,58.1,9.0,9.0,Poison Jab,Sludge Bomb,,"2023-11-11 18:32",,33.22kg,1.1m,0,0,0,1000,64.01%,765,95.05%,512000,288,Nidorino,,0,35.99%,631,97.35%,315000,388,Nidoking,,0,52.17%,436,95.49%,10800,14,Nidorino,,0,
36,Gloom,,44,♂,365,61,,,,77.5,8.0,8.0,Razor Leaf,Moonblast,,"2023-11-11 18:32",,6.28kg,0.91m,0,0,0,800,51.42%,1131,96.15%,43600,146,Vileplume,,0,95.42%,64,98.71%,513600,390,Bellossom,,0,80.04%,509,95.50%,0,100,Bellossom,,0,
37,Gloom,,44,♂,575,79,,,,55.3,13.0,13.0,Acid,,,"2023-11-11 18:32",,2.15kg,0.63m,0,0,0,1600,49.00%,1380,95.93%,55300,153,Bellossom,,0,34.05%,1423,96.32%,328800,376,Vileplume,,0,,,,,,,,,
38,Oddish,,43,♂,344,59,15,12,13,88.9,10.0,10.0,Acid,Seed Bomb,,"2023-11-11 18:32",7/31/2016,3.59kg,0.41m,0,0,0,1000,47.99%,2131,95.05%,151000,169,Gloom,,0,93.24%,278,97.60%,452000,411,Bellossom,,0,62.93%,1519,93.10%,1000,26,Gloom,,0,
39,Oddish,,43,♂,266,52,,,,80.7,8.0,8.0,Acid,Sludge Bomb,,"2023-11-11 18:32",,6.29kg,0.55m,0,0,0,800,68.17%,397,97.35%,43600,171,Vileplume,,0,94.97%,55,98.80%,498600,415,Bellossom,,0,90.12%,276,96.37%,0,125,Bellossom,,0,
40,Oddish,,43,♂,380,63,,,,92.2,11.0,11.0,Razor Leaf,,,"2023-11-11 18:32",,2.66kg,0.37m,0,0,0,1300,47.80%,1848,95.31%,35500,163,Vileplume,,0,95.13%,148,98.17%,450000,409,Bellossom,,0,14.10%,3359,90.25%,8400,12,Oddish,,0,
41,Doduo,,84,♂,324,48,,,,71.1,10.0,10.0,Quick Attack,Aerial Ace,,"2023-11-11 18:31",,28.29kg,1.16m,0,0,0,1000,37.73%,2187,94.63%,52000,104,Dodrio,,0,61.15%,779,96.17%,452000,336,Dodrio,,0,8.93%,3494,90.13%,13600,18,Doduo,,0,
42,Slowpoke,Normal,79,♀,214,77,,,,62.5,7.0,7.0,Water Gun,Water Pulse,,"2023-11-11 18:31",,43.84kg,1.37m,0,0,0,800,84.52%,38,98.58%,51200,104,Slowbro,Normal,0,70.60%,17,99.26%,353200,342,Slowbro,Normal,0,70.92%,5,99.49%,800,51,Slowbro,Normal,0,
43,Slowbro,Normal,80,♀,830,103,,,,37.3,12.5,12.5,Water Gun,Psychic,,"2023-11-11 18:31",,67.27kg,1.46m,0,0,0,1300,57.26%,611,96.66%,43100,43,Slowbro,Normal,0,34.28%,1031,96.86%,379100,278,Slowbro,Normal,0,,,,,,,,,
44,Slowpoke,Normal,79,♀,236,79,,,,33.8,8.0,8.0,Water Gun,Psyshock,,"2023-11-11 18:30",,35.48kg,1.12m,0,0,0,800,42.86%,775,96.39%,52600,105,Slowbro,Normal,0,60.75%,99,98.59%,427600,340,Slowbro,Normal,0,65.37%,85,97.83%,22900,28,Slowpoke,Normal,0,
45,Slowpoke,Normal,79,♂,488,118,,,,54.9,16.0,16.0,Confusion,Psychic,,"2023-11-11 18:30",,38.89kg,1.23m,0,0,0,1900,57.08%,1,100%,31600,79,Slowbro,Normal,0,78.13%,6,99.48%,367600,314,Slowbro,Normal,0,60.81%,333,96.46%,0,0,Slowpoke,Normal,0,
46,Slowpoke,Normal,79,♀,515,114,,,,30.3,17.0,17.0,Confusion,Psychic,,"2023-11-11 18:30",,35.74kg,1.03m,0,0,0,2200,30.11%,1691,95.18%,27800,75,Slowbro,Normal,0,38.40%,1012,96.88%,389800,310,Slowbro,Normal,0,,,,,,,,,
47,Slowpoke,Normal,79,♀,377,97,,,,88.4,11.0,11.0,Confusion,Psyshock,,"2023-11-11 18:30",,52.25kg,1.41m,1,0,0,650,14.56%,3190,93.40%,17750,88,Slowbro,Normal,0,36.55%,2031,95.79%,124000,319,Slowbro,Normal,0,50.66%,1468,93.70%,5000,14,Slowpoke,Normal,0,
48,Horsea,,116,♂,126,30,,,,46.9,5.0,5.0,Bubble,,,"2023-11-11 18:29",,9.96kg,0.45m,0,0,0,600,25.25%,1195,95.69%,89600,115,Seadra,,0,26.67%,1199,96.68%,298600,421,Kingdra,,0,52.27%,794,94.63%,5600,33,Seadra,,0,
49,Horsea,,116,♀,311,47,,,,70.2,11.0,11.0,Water Gun,,,"2023-11-11 18:28",,8.59kg,0.38m,0,0,0,1300,43.47%,1940,94.88%,35500,163,Kingdra,,0,26.22%,2403,95.47%,238000,379,Kingdra,,0,35.10%,2105,91.81%,21400,26,Horsea,,0,
50,Horsea,,116,♀,301,45,,,,55.6,11.0,11.0,Water Gun,Dragon Pulse,,"2023-11-11 18:28",,9.15kg,0.4m,0,0,0,1300,40.70%,1819,95.01%,38000,165,Kingdra,,0,18.16%,2808,95.05%,258000,409,Kingdra,,0,15.06%,2828,90.64%,23600,28,Horsea,,0,
51,Horsea,,116,♂,14,10,,,,79.1,1.0,1.0,Water Gun,Flash Cannon,,"2023-11-11 18:28",,9.49kg,0.42m,0,0,0,200,46.49%,184,97.64%,47500,183,Kingdra,,0,40.83%,172,98.29%,250000,399,Kingdra,,0,51.65%,28,98.69%,4800,137,Kingdra,,0,
52,Magnemite,,81,,99,22,,,,89.6,3.0,3.0,Thunder Shock,Thunderbolt,,"2023-11-11 18:28",,6.55kg,0.29m,0,0,0,400,97.63%,27,98.85%,504200,300,Magnemite,,0,55.40%,1222,96.66%,300200,325,Magneton,,0,75.96%,434,95.82%,16400,24,Magnemite,,0,
53,Magnemite,,81,,427,47,,,,57.6,12.0,12.0,Spark,Magnet Bomb,,"2023-11-11 18:27",,5.59kg,0.3m,0,0,0,1300,74.96%,98,97.97%,44400,70,Magneton,,0,56.43%,370,97.87%,380400,305,Magneton,,0,69.15%,145,97.10%,5800,8,Magnemite,,0,
54,Scyther,,123,♂,1105,92,,,,64.4,15.0,15.0,Steel Wing,Bug Buzz,,"2023-11-11 18:27",,56.9kg,1.57m,0,0,0,1900,36.12%,1052,96.33%,9800,60,Kleavor,,0,47.13%,693,97.00%,106400,144,Scizor,Normal,0,,,,,,,,,
55,Scyther,,123,♂,716,73,,,,44.6,10.0,10.0,Fury Cutter,Night Slash,,"2023-11-11 18:25",,35.94kg,1.26m,0,0,0,1000,16.65%,2259,94.96%,25600,80,Kleavor,,0,22.74%,1547,96.38%,250000,271,Scyther,,0,,,,,,,,,
56,Alakazam,Normal,65,♂,1289,82,13,14,13,88.9,15.0,15.0,Psycho Cut,Shadow Ball,,"2023-11-11 18:19",8/25/2023,49.79kg,1.54m,1,0,0,950,25.74%,3042,93.76%,3800,8,Alakazam,Normal,0,79.58%,837,97.06%,43200,78,Alakazam,Normal,0,,,,,,,,,
57,Joltik,,595,♂,611,91,,,,74.4,22.0,22.0,Charge Beam,Cross Poison,,"2023-11-11 18:19",,0.61kg,0.12m,0,0,0,3000,37.13%,2178,94.58%,16500,65,Galvantula,,0,90.83%,305,93.91%,464000,288,Galvantula,,0,,,,,,,,,
58,Alakazam,Normal,65,♂,2414,111,14,15,12,91.1,28.0,28.0,Psycho Cut,Focus Blast,,"2023-11-11 18:19",,81.43kg,1.82m,1,0,0,2250,,,,,,,,,17.22%,3391,94.56%,2250,4,Alakazam,Normal,0,,,,,,,,,
59,Pikachu,Normal,25,♂,77,28,,,,65.4,3.5,3.5,Quick Attack,Thunder,,"2023-11-11 18:19",,10.1kg,0.53m,0,0,0,400,27.09%,888,95.78%,78800,132,Raichu,Normal,0,76.63%,345,94.12%,518800,349,Raichu,Normal,0,79.54%,62,98.38%,6000,60,Raichu,Normal,0,
60,Jolteon,,135,♂,906,77,,,,65.3,11.5,11.5,Thunder Shock,Discharge,,"2023-11-11 18:19",,12kg,0.87m,0,0,0,1300,64.41%,178,97.48%,26700,30,Jolteon,,0,22.18%,1744,95.80%,140700,132,Jolteon,,0,,,,,,,,,
61,Tentacool,,72,♂,165,42,,,,80.1,6.0,6.0,Bubble,Wrap,,"2023-11-11 18:18",,56.37kg,1.03m,0,0,0,600,34.23%,1208,96.00%,52400,106,Tentacruel,,0,48.80%,1153,95.93%,366400,344,Tentacruel,,0,76.63%,426,95.95%,2000,53,Tentacruel,,0,
62,Metapod,,11,♂,82,57,,,,33.0,9.0,9.0,Tackle,Struggle,,"2023-11-11 18:18",,4.01kg,0.86m,0,0,0,1000,78.97%,83,98.72%,190000,240,Butterfree,,0,21.30%,2428,86.15%,512000,338,Butterfree,,0,62.29%,239,96.28%,4000,54,Butterfree,,0,
63,Krabby,,98,♂,371,45,,,,63.5,9.0,9.0,Mud Shot,Water Pulse,,"2023-11-11 18:18",,9.31kg,0.44m,0,0,0,1000,77.86%,32,99.06%,34500,88,Kingler,,0,61.39%,71,98.84%,174000,220,Kingler,,0,80.60%,13,98.68%,6600,8,Krabby,,0,
64,Parasect,,47,♀,179,39,,,,47.6,4.0,4.0,Bug Bite,Cross Poison,,"2023-11-11 18:18",,30.29kg,0.99m,0,0,0,400,22.91%,1835,95.34%,128400,124,Parasect,,0,45.84%,1626,88.67%,518400,298,Parasect,,0,27.78%,1954,92.89%,8400,12,Parasect,,0,
65,Pinsir,Normal,127,♀,739,67,15,15,7,82.2,9.0,9.0,Fury Cutter,X-Scissor,,"2023-11-11 18:18",,67.19kg,1.69m,0,0,0,1000,53.33%,1912,94.83%,27600,32,Pinsir,Normal,0,39.68%,2471,95.66%,117000,110,Pinsir,Normal,0,,,,,,,,,
66,Squirtle,,7,♂,248,58,,,,86.7,9.5,9.5,Bubble,Water Pulse,,"2023-11-11 18:18",,8.28kg,0.46m,0,0,0,1000,60.56%,954,95.00%,314000,312,Wartortle,,0,49.29%,1378,96.20%,314000,412,Blastoise,Normal,0,64.33%,920,94.83%,5600,32,Wartortle,,0,
67,Rhyhorn,,111,♂,215,57,,,,76.7,5.0,5.0,Mud-Slap,Stomp,,"2023-11-11 18:18",,92.93kg,1.08m,0,0,0,600,30.83%,2028,94.89%,187600,188,Rhyhorn,,0,43.89%,773,96.70%,66600,195,Rhyperior,,0,91.64%,213,96.43%,0,125,Rhyperior,,0,
68,Dratini,,147,♂,291,56,,,,63.3,11.0,11.0,Dragon Breath,Twister,,"2023-11-11 18:18",,4.34kg,2.07m,0,0,0,1300,32.36%,1702,95.43%,136000,153,Dragonair,,0,60.98%,593,96.98%,57000,183,Dragonite,,0,18.19%,2399,92.24%,25800,30,Dratini,,0,
69,Tentacruel,,73,♀,227,50,,,,37.9,4.0,4.0,Acid,Blizzard,,"2023-11-11 18:18",,37.47kg,1.41m,0,0,0,400,81.74%,66,98.64%,67400,72,Tentacruel,,0,51.65%,663,96.66%,518400,298,Tentacruel,,0,77.01%,326,96.35%,4800,8,Tentacruel,,0,
70,Ponyta,Normal,77,♂,365,55,,,,10.6,9.0,9.0,Tackle,Fire Blast,,"2023-11-11 18:17",,21.64kg,0.86m,0,0,0,1000,67.73%,906,95.91%,64500,115,Rapidash,Normal,0,1.08%,4040,91.33%,512000,338,Rapidash,Normal,0,41.69%,1898,93.05%,6600,8,Ponyta,Normal,0,
71,Poliwhirl,,61,♂,405,72,,,,41.4,11.0,11.0,Mud Shot,Bubble Beam,,"2023-11-11 18:17",,15.88kg,0.81m,0,0,0,1300,35.31%,2118,91.77%,508000,284,Poliwhirl,,0,22.24%,2107,95.15%,436000,384,Politoed,,0,36.00%,1674,93.70%,6800,10,Poliwhirl,,0,
72,Weepinbell,,70,♀,513,80,,,,64.2,12.0,12.0,Acid,Seed Bomb,,"2023-11-11 18:17",,4.07kg,0.92m,0,0,0,1300,48.13%,134,98.02%,255400,280,Weepinbell,,0,57.28%,222,98.25%,419400,380,Victreebel,,0,,,,,,,,,
73,Zubat,,41,♂,208,58,,,,63.0,12.0,12.0,Bite,Poison Fang,,"2023-11-11 18:17",,5.76kg,0.73m,0,0,0,1300,40.67%,1281,95.44%,86400,107,Golbat,,0,22.44%,2105,95.82%,235400,375,Crobat,,0,20.79%,1961,91.71%,90900,86,Zubat,,0,
74,Pinsir,Normal,127,♀,648,63,,,,77.8,8.0,8.0,Fury Cutter,Submission,,"2023-11-11 18:17",,67.42kg,1.65m,0,0,0,800,28.86%,2777,93.87%,29200,34,Pinsir,Normal,0,21.12%,2996,95.18%,118600,112,Pinsir,Normal,0,,,,,,,,,
75,Psyduck,,54,♂,386,75,,,,52.2,14.0,14.0,Water Gun,Aqua Tail,,"2023-11-11 18:17",,23.32kg,0.85m,0,0,0,1600,65.75%,267,97.70%,41600,90,Golduck,,0,83.05%,26,99.44%,455600,322,Golduck,,0,84.87%,12,99.07%,15200,16,Psyduck,,0,
76,Seaking,,119,♂,561,81,,,,40.0,10.0,10.0,Peck,Icy Wind,,"2023-11-11 18:17",,36.57kg,1.35m,0,0,0,1000,48.20%,582,96.63%,78000,76,Seaking,,0,34.31%,1982,88.24%,510000,286,Seaking,,0,,,,,,,,,
77,Ekans,,23,♀,277,53,,,,44.1,12.0,12.0,Acid,Wrap,,"2023-11-11 18:17",,6.16kg,1.87m,0,0,0,1300,54.49%,373,97.57%,105400,148,Arbok,,0,37.57%,1885,88.13%,505400,330,Arbok,,0,44.49%,526,95.19%,38400,39,Ekans,,0,
78,Nidorina,,30,♀,232,62,,,,52.7,7.0,7.0,Poison Sting,Sludge Bomb,,"2023-11-11 18:17",,19.59kg,0.82m,0,0,0,800,53.83%,249,97.68%,54200,157,Nidoqueen,,0,39.28%,870,97.03%,403200,392,Nidoqueen,,0,56.91%,813,95.50%,800,101,Nidoqueen,,0,
79,Golbat,,42,♂,739,94,,,,57.3,14.0,14.0,Bite,Poison Fang,,"2023-11-11 18:17",,60.18kg,1.66m,0,0,0,1600,62.32%,234,97.58%,29600,128,Crobat,,0,33.67%,1000,96.95%,249600,372,Crobat,,0,,,,,,,,,
80,Goldeen,,118,♂,371,62,,,,68.3,12.0,12.0,Mud Shot,Horn Attack,,"2023-11-11 18:17",,20.45kg,0.69m,0,0,0,1300,18.91%,2128,94.61%,61400,110,Seaking,,0,84.10%,333,93.97%,505400,330,Seaking,,0,38.47%,1569,93.66%,12800,16,Goldeen,,0,
81,Vaporeon,,134,♂,1197,142,,,,67.1,14.0,14.0,Water Gun,Water Pulse,,"2023-11-11 18:17",,9.02kg,0.93m,0,0,0,1600,63.68%,330,97.33%,13000,14,Vaporeon,,0,29.00%,1440,96.32%,89600,82,Vaporeon,,0,,,,,,,,,
82,Pidgeot,Normal,18,♂,939,116,,,,37.0,17.5,17.5,Wing Attack,Hurricane,,"2023-11-11 18:16",,29.27kg,1.29m,0,0,0,2200,68.69%,1097,95.84%,63100,56,Pidgeot,Normal,0,18.45%,3282,84.77%,486600,258,Pidgeot,Normal,0,,,,,,,,,
83,Snorlax,,143,♂,1307,168,15,14,2,68.9,14.5,14.5,Zen Headbutt,Earthquake,,"2023-11-11 18:16",,312.64kg,1.76m,0,0,0,1600,42.44%,2358,94.36%,7300,8,Snorlax,,0,20.22%,3268,94.37%,74500,68,Snorlax,,0,,,,,,,,,
84,Eevee,,133,♂,252,60,,,,57.6,9.0,9.0,Tackle,Dig,,"2023-11-11 18:16",,5.08kg,0.28m,0,0,0,1000,36.58%,608,96.71%,25400,55,Vaporeon,,0,28.14%,1792,95.98%,107000,127,Glaceon,,0,21.04%,2050,92.55%,25400,30,Eevee,,0,
85,Gastly,,92,♂,171,33,,,,29.7,6.0,6.0,Sucker Punch,Sludge Bomb,,"2023-11-11 18:16",,0.11kg,1.3m,0,0,0,600,36.97%,386,96.93%,126400,145,Haunter,,0,29.96%,1136,96.51%,219400,353,Gengar,Normal,0,55.25%,900,94.34%,6400,33,Haunter,,0,
86,Diglett,Normal,50,♀,200,35,,,,79.9,11.0,11.0,Mud Shot,Rock Tomb,,"2023-11-11 18:16",,1.03kg,0.23m,0,0,0,1300,55.84%,679,96.90%,248000,319,Dugtrio,Normal,0,95.61%,90,96.06%,508000,334,Dugtrio,Normal,0,75.33%,368,96.07%,1300,52,Dugtrio,Normal,0,
87,Gastly,,92,♂,322,47,,,,64.1,10.0,10.0,Sucker Punch,Ominous Wind,,"2023-11-11 18:15",,0.09kg,1.21m,0,0,0,1000,64.88%,91,98.08%,95500,117,Haunter,,0,59.64%,124,98.18%,165000,285,Gengar,Normal,0,77.71%,25,98.28%,15500,20,Gastly,,0,
88,Caterpie,,10,♂,134,66,,,,17.4,15.0,15.0,Tackle,Struggle,,"2023-11-11 18:15",,2.79kg,0.3m,0,0,0,1900,53.29%,338,97.74%,190400,252,Butterfree,,0,4.66%,3645,81.87%,496400,330,Butterfree,,0,5.19%,3843,65.43%,496400,280,Metapod,,0,
89,Bellsprout,,69,♀,396,76,,,,58.5,15.0,15.0,Acid,Wrap,,"2023-11-11 18:15",,5.06kg,0.75m,0,0,0,1900,65.28%,225,97.71%,38400,161,Victreebel,,0,66.84%,23,99.29%,452400,393,Victreebel,,0,44.68%,417,95.79%,14200,14,Bellsprout,,0,
90,Pinsir,Normal,127,♀,802,69,,,,61.1,10.0,10.0,Fury Cutter,Vise Grip,,"2023-11-11 18:15",,71.8kg,1.58m,0,0,0,1000,29.79%,2396,94.30%,27800,32,Pinsir,Normal,0,11.07%,3310,94.83%,132000,124,Pinsir,Normal,0,,,,,,,,,
91,Dratini,,147,♀,71,26,,,,72.7,3.0,3.0,Dragon Breath,Aqua Tail,,"2023-11-11 18:15",,2.08kg,1.55m,0,0,0,400,30.70%,2333,94.66%,19600,153,Dragonite,,0,22.98%,2797,94.74%,64700,196,Dragonite,,0,88.42%,392,95.92%,1600,129,Dragonite,,0,
92,Beedrill,Normal,15,♀,620,81,,,,45.3,13.0,13.0,Infestation,X-Scissor,,"2023-11-11 18:15",,26.66kg,0.84m,0,0,0,1600,52.25%,536,97.26%,130800,120,Beedrill,Normal,0,42.55%,1743,87.96%,502800,276,Beedrill,Normal,0,,,,,,,,,
93,Paras,,46,♂,156,36,,,,64.7,6.0,6.0,Scratch,X-Scissor,,"2023-11-11 18:15",,5.86kg,0.34m,0,0,0,600,13.19%,3093,93.76%,111400,158,Parasect,,0,76.81%,761,91.53%,516400,344,Parasect,,0,28.13%,1254,93.46%,34200,40,Paras,,0,
94,Eevee,,133,♂,378,74,,,,70.7,13.0,13.0,Tackle,Dig,,"2023-11-11 18:15",,5.26kg,0.29m,0,0,0,1600,41.68%,1492,95.30%,14000,41,Espeon,,0,31.12%,2447,95.69%,118800,133,Leafeon,,0,19.93%,2955,90.92%,14000,16,Eevee,,0,
95,Spearow,,21,♂,256,60,,,,75.8,12.0,12.0,Quick Attack,Aerial Ace,,"2023-11-11 18:15",,1.46kg,0.28m,0,0,0,1300,34.18%,2049,94.69%,77400,124,Fearow,,0,92.61%,182,95.00%,505400,330,Fearow,,0,35.28%,1484,92.69%,47400,48,Spearow,,0,
96,Geodude,Normal,74,♂,339,54,,,,58.9,10.0,10.0,Tackle,Rock Slide,,"2023-11-11 18:14",,20.25kg,0.4m,0,0,0,1000,45.03%,671,96.81%,105000,125,Graveler,Normal,0,42.20%,564,97.48%,138000,255,Golem,Normal,0,46.22%,703,95.29%,12000,16,Geodude,Normal,0,
97,Tentacool,,72,♂,375,64,,,,56.8,14.0,14.0,Poison Sting,Wrap,,"2023-11-11 18:14",,38.8kg,0.88m,0,0,0,1600,58.69%,251,97.75%,41600,90,Tentacruel,,0,63.33%,350,97.33%,441600,322,Tentacruel,,0,55.96%,745,94.37%,17400,18,Tentacool,,0,
98,Meowth,Normal,52,♂,182,55,,,,51.5,10.0,10.0,Bite,Dark Pulse,,"2023-11-11 18:14",,5.15kg,0.42m,0,0,0,1000,67.51%,91,98.49%,231000,294,Persian,Normal,0,53.17%,1104,89.69%,510000,336,Persian,Normal,0,59.01%,82,97.48%,86500,84,Meowth,Normal,0,
99,Shellder,,90,♂,328,50,,,,83.6,11.0,11.0,Ice Shard,Bubble Beam,,"2023-11-11 18:14",,5.84kg,0.36m,0,0,0,1300,63.37%,915,96.01%,38000,90,Cloyster,,0,35.94%,1617,96.31%,258000,334,Cloyster,,0,34.80%,1688,92.95%,17300,22,Shellder,,0,
100,Growlithe,Normal,58,♂,585,88,,,,86.7,17.0,17.0,Bite,Body Slam,,"2023-11-11 18:14",,17.5kg,0.72m,0,0,0,2200,66.99%,609,96.84%,2200,52,Arcanine,Normal,0,16.55%,2774,95.34%,78800,120,Arcanine,Normal,0,,,,,,,,,
101,Pidgeotto,,17,♂,462,85,,,,26.3,16.0,16.0,Wing Attack,Air Cutter,,"2023-11-11 18:14",,43.71kg,1.26m,0,0,0,1900,43.05%,912,96.10%,69100,112,Pidgeot,Normal,0,12.17%,3217,84.94%,492600,314,Pidgeot,Normal,0,58.67%,399,96.44%,3800,4,Pidgeotto,,0,
102,Vaporeon,,134,♂,1763,173,,,,92.2,20.0,20.0,Water Gun,Aqua Tail,,"2023-11-11 18:14",,23.55kg,1.01m,0,0,0,2500,,,,,,,,,21.98%,2987,94.63%,56000,50,Vaporeon,,0,,,,,,,,,
103,Meowth,Normal,52,♂,306,66,,,,55.0,16.0,16.0,Bite,Body Slam,,"2023-11-11 18:14",,3.64kg,0.38m,0,0,0,1900,30.49%,1080,96.25%,186600,236,Persian,Normal,0,63.09%,1032,90.02%,492600,314,Persian,Normal,0,37.81%,1215,93.62%,56600,50,Meowth,Normal,0,
104,Psyduck,,54,♂,370,72,,,,62.0,13.0,13.0,Zen Headbutt,Cross Chop,,"2023-11-11 18:14",,23.48kg,0.86m,0,0,0,1600,50.95%,428,97.30%,41800,91,Golduck,,0,74.68%,18,99.77%,416800,326,Golduck,,0,79.02%,6,99.23%,16200,18,Psyduck,,0,
105,Nidoran♀,,29,♀,335,85,,,,48.6,17.0,17.0,Poison Sting,Body Slam,,"2023-11-11 18:14",,9.88kg,0.5m,0,0,0,2200,87.16%,16,99.12%,30800,153,Nidoqueen,,0,76.65%,61,98.93%,416800,385,Nidoqueen,,0,67.95%,252,96.40%,44800,40,Nidoran♀,,0,
106,Nidoran♂,,32,♂,273,69,,,,53.1,13.0,13.0,Poison Sting,Horn Attack,,"2023-11-11 18:14",,7.91kg,0.47m,0,0,0,1600,83.22%,54,98.24%,38800,163,Nidoking,,0,83.61%,3,99.44%,352800,401,Nidoking,,0,85.55%,52,97.60%,3200,29,Nidorino,,0,
107,Kabuto,,140,♂,645,63,,,,82.7,17.0,17.0,Mud Shot,Aqua Jet,,"2023-11-11 18:14",,9.88kg,0.46m,0,0,0,2200,96.36%,42,98.56%,473800,260,Kabuto,,0,44.27%,1717,96.34%,166800,212,Kabutops,,0,,,,,,,,,
108,Krabby,,98,♂,507,49,,,,73.3,12.0,12.0,Bubble,Water Pulse,,"2023-11-11 18:13",,4.67kg,0.35m,0,0,0,1300,36.83%,2293,94.33%,275400,280,Krabby,,0,25.81%,2766,95.36%,153400,196,Kingler,,0,,,,,,,,,
109,Rattata,Normal,19,♂,322,61,,,,64.4,17.0,17.0,Quick Attack,,,"2023-11-11 18:13",,5.63kg,0.36m,0,0,0,2200,50.93%,405,97.06%,150800,167,Raticate,Normal,0,79.22%,500,92.07%,488800,285,Raticate,Normal,0,41.03%,709,94.70%,52800,46,Rattata,Normal,0,
110,Pidgey,,16,♂,229,67,,,,54.4,14.0,14.0,Quick Attack,Aerial Ace,,"2023-11-11 18:13",,2.32kg,0.32m,0,0,0,1600,62.12%,465,96.88%,71600,128,Pidgeot,Normal,0,53.38%,1576,89.50%,499600,334,Pidgeot,Normal,0,76.58%,345,96.57%,8900,22,Pidgeotto,,0,
111,Diglett,Normal,50,♂,64,20,,,,69.1,4.0,4.0,Scratch,Mud Bomb,,"2023-11-11 18:13",,0.8kg,0.18m,0,0,0,400,60.39%,87,98.64%,299400,348,Dugtrio,Normal,0,86.52%,191,94.51%,518400,348,Dugtrio,Normal,0,56.13%,44,98.40%,103900,104,Diglett,Normal,0,
112,Poliwag,,60,♂,125,43,,,,71.0,6.0,6.0,Bubble,Mud Bomb,,"2023-11-11 18:13",,26.84kg,0.84m,0,0,0,600,87.75%,2,99.92%,516400,319,Poliwhirl,,0,58.25%,57,98.72%,404400,419,Politoed,,0,72.57%,497,95.83%,2000,128,Politoed,,0,
113,Venomoth,,49,♀,868,94,,,,81.5,15.0,15.0,Confusion,Poison Fang,,"2023-11-11 18:13",,20.26kg,1.89m,0,0,0,1900,21.86%,2972,93.39%,56400,51,Venomoth,,0,95.55%,154,95.23%,496400,268,Venomoth,,0,,,,,,,,,
114,Sentret,,161,♀,228,62,,,,54.6,15.0,15.0,Quick Attack,Dig,,"2023-11-11 18:13",,6.2kg,0.72m,0,0,0,1900,53.26%,173,98.11%,158400,175,Furret,,0,55.70%,976,90.63%,496400,293,Furret,,0,48.56%,474,95.65%,166400,160,Sentret,,0,
115,Natu,,177,♂,473,68,,,,23.3,18.0,18.0,Quick Attack,Drill Peck,,"2023-11-11 18:13",,2.1kg,0.21m,0,0,0,2200,47.19%,785,96.37%,56400,100,Xatu,,0,7.50%,3586,83.16%,484400,306,Xatu,,0,64.53%,226,96.71%,4400,4,Natu,,0,
116,Golduck,,55,♂,589,80,,,,61.1,9.0,9.0,Water Gun,Psychic,,"2023-11-11 18:13",,58.15kg,1.44m,0,0,0,1000,42.74%,772,96.67%,51000,53,Golduck,,0,58.85%,276,98.33%,413000,288,Golduck,,0,,,,,,,,,
117,Heracross,,214,♀,881,90,1,0,14,33.3,11.0,11.0,Struggle Bug,Close Combat,,"2023-11-11 18:13",,53.47kg,1.42m,0,0,0,1300,80.88%,784,96.06%,25800,30,Heracross,,0,70.96%,1190,96.73%,130000,122,Heracross,,0,,,,,,,,,
118,Zigzagoon,Normal,263,♂,104,46,,,,65.3,8.0,8.0,Rock Smash,Thunderbolt,,"2023-11-11 18:13",,18.15kg,0.4m,0,0,0,800,24.86%,1672,95.18%,207600,262,Linoone,Normal,0,79.42%,292,93.93%,513600,340,Linoone,Normal,0,70.05%,256,95.38%,414600,290,Zigzagoon,Normal,0,
119,Zigzagoon,Normal,263,♀,139,54,,,,85.0,10.0,10.0,Rock Smash,Dig,,"2023-11-11 18:13",,17.92kg,0.42m,0,0,0,1000,33.53%,1949,94.82%,172000,218,Linoone,Normal,0,97.45%,33,97.55%,510000,336,Linoone,Normal,0,80.13%,369,94.71%,302000,286,Zigzagoon,Normal,0,
120,Spinarak,,167,♂,355,69,,,,18.9,19.0,19.0,Bug Bite,Signal Beam,,"2023-11-11 18:13",,12.46kg,0.59m,0,0,0,2500,48.80%,849,96.56%,201000,260,Ariados,,0,5.58%,3700,80.88%,480000,302,Ariados,,0,46.65%,802,94.00%,48000,42,Spinarak,,0,
121,Slakoth,,287,♂,431,89,,,,50.4,17.0,17.0,Yawn,Night Slash,,"2023-11-11 18:13",,19.86kg,0.74m,0,0,0,2200,58.56%,262,97.72%,78800,95,Vigoroth,,0,47.29%,578,97.33%,18800,141,Slaking,,0,46.50%,511,95.24%,11300,10,Slakoth,,0,
122,Shellder,,90,♀,527,62,,,,50.9,19.0,19.0,Ice Shard,Icy Wind,,"2023-11-11 18:13",,4.51kg,0.32m,0,0,0,2500,38.28%,1364,95.40%,16000,64,Cloyster,,0,28.42%,1955,95.97%,318000,302,Cloyster,,0,,,,,,,,,
123,Spheal,,363,♂,172,62,,,,60.2,7.0,7.0,Rock Smash,Water Pulse,,"2023-11-11 18:12",,50.85kg,0.91m,0,0,0,800,29.36%,1301,95.86%,40200,169,Walrein,,0,37.12%,619,97.38%,218200,351,Walrein,,0,25.21%,1399,93.61%,37700,42,Spheal,,0,
124,Shellder,,90,♂,181,39,,,,43.5,7.0,7.0,Ice Shard,Bubble Beam,,"2023-11-11 18:12",,4.04kg,0.3m,0,0,0,800,88.80%,77,98.21%,54200,107,Cloyster,,0,86.03%,27,99.29%,403200,342,Cloyster,,0,79.92%,306,96.06%,800,51,Cloyster,,0,
125,Wurmple,,265,♀,217,68,,,,34.4,16.0,16.0,Tackle,Struggle,,"2023-11-11 18:12",,3.38kg,0.29m,0,0,0,1900,30.35%,848,96.66%,195600,260,Beautifly,,0,26.40%,1812,86.83%,492600,326,Beautifly,,0,52.91%,319,94.51%,477600,276,Silcoon,,0,
126,Spheal,,363,♂,170,63,,,,61.1,7.0,7.0,Rock Smash,Aurora Beam,,"2023-11-11 18:12",,41.14kg,0.82m,0,0,0,800,38.49%,585,97.04%,185200,209,Sealeo,,0,34.17%,638,97.35%,218200,351,Walrein,,0,53.09%,220,96.81%,40200,44,Spheal,,0,
127,Sentret,,161,♀,261,67,,,,59.0,17.0,17.0,Quick Attack,Dig,,"2023-11-11 18:12",,9.17kg,0.98m,0,0,0,2200,47.92%,78,98.60%,143800,159,Furret,,0,62.69%,603,92.20%,488800,285,Furret,,0,49.17%,178,97.00%,150800,142,Sentret,,0,
128,Spoink,,325,♀,233,54,,,,40.2,7.0,7.0,Zen Headbutt,Psybeam,,"2023-11-11 18:12",,30.71kg,0.65m,0,0,0,800,37.60%,1079,96.00%,64200,116,Grumpig,,0,34.35%,1633,95.22%,515200,342,Grumpig,,0,59.25%,804,95.35%,1600,52,Grumpig,,0,
129,Wurmple,,265,♀,125,51,,,,82.5,8.0,8.0,Bug Bite,Struggle,,"2023-11-11 18:12",,3.97kg,0.32m,0,0,0,800,48.77%,1352,95.98%,123600,178,Beautifly,,0,96.17%,84,96.23%,513600,352,Beautifly,,0,55.12%,1329,94.22%,3600,66,Beautifly,,0,
130,Seedot,,273,♂,291,77,,,,67.1,19.0,19.0,Bullet Seed,Foul Play,,"2023-11-11 18:11",,3.93kg,0.49m,0,0,0,2500,52.56%,541,96.91%,29000,151,Shiftry,,0,76.09%,87,98.54%,480000,377,Shiftry,,0,40.41%,1232,93.17%,142000,134,Seedot,,0,
131,Delibird,,225,♀,301,61,,,,48.9,11.0,11.0,Present,Aerial Ace,,"2023-11-11 18:02",,14.31kg,0.89m,0,0,0,1300,45.19%,1514,84.96%,508000,284,Delibird,,0,45.19%,1514,84.96%,508000,284,Delibird,,0,62.62%,119,97.23%,23600,28,Delibird,,0,
132,Delibird,,225,♀,346,67,,,,40.6,13.0,13.0,Present,Icy Wind,,"2023-11-11 18:02",,11.37kg,0.66m,0,0,0,1600,27.14%,2680,80.62%,502800,276,Delibird,,0,27.14%,2680,80.62%,502800,276,Delibird,,0,72.22%,495,95.59%,20600,22,Delibird,,0,
133,Swinub,,220,♂,367,87,,,,71.1,19.0,19.0,Powder Snow,,,"2023-11-11 18:02",,2.88kg,0.37m,0,0,0,2500,52.37%,304,97.56%,25500,48,Piloswine,,0,79.05%,107,98.44%,450000,277,Piloswine,,0,30.88%,1629,92.77%,40000,35,Swinub,,0,
134,Teddiursa,,216,♀,463,78,,,,49.1,13.5,13.5,,,,"2023-11-11 18:02",,7.03kg,0.6m,0,0,0,1600,52.94%,252,97.37%,21200,72,Ursaring,,0,55.14%,391,97.41%,50200,198,Ursaluna,,0,53.79%,280,96.60%,3200,4,Teddiursa,,0,
135,Snorunt,,361,♂,166,53,,,,84.4,7.0,7.0,Hex,,,"2023-11-11 18:02",,21.78kg,0.82m,0,0,0,800,62.19%,708,96.78%,75200,175,Glalie,Normal,0,97.30%,39,97.19%,515200,392,Glalie,Normal,0,71.48%,709,95.64%,2400,103,Glalie,Normal,0,
136,Ditto,,132,,334,75,,,,50.4,16.0,16.0,Transform,Struggle,,"2023-11-11 18:02",,5.19kg,0.32m,0,0,0,1900,50.85%,1136,85.41%,492600,264,Ditto,,0,50.85%,1136,85.41%,492600,264,Ditto,,0,23.16%,1505,93.07%,38100,35,Ditto,,0,
137,Pidgey,,16,♀,374,80,,,,86.7,20.0,20.0,Tackle,,,"2023-11-11 18:01",,2.36kg,0.33m,0,0,0,2500,47.78%,1553,95.25%,31000,90,Pidgeot,Normal,0,97.75%,55,97.14%,475000,310,Pidgeot,Normal,0,35.32%,2404,90.66%,43000,38,Pidgey,,0,
138,Zigzagoon,Normal,263,♀,98,45,,,,95.9,7.0,7.0,Tackle,Dig,,"2023-11-11 18:01",,18.56kg,0.43m,0,0,0,800,40.43%,2136,94.59%,156200,200,Linoone,Normal,0,99.85%,1,100%,515200,342,Linoone,Normal,0,81.06%,601,93.68%,255200,277,Zigzagoon,Normal,0,
139,Hoppip,,187,♀,290,70,,,,61.5,19.0,19.0,Tackle,Grass Knot,,"2023-11-11 18:01",,0.36kg,0.34m,0,0,0,2500,38.59%,1500,95.51%,201000,335,Jumpluff,,0,74.52%,665,91.96%,480000,377,Jumpluff,,0,50.48%,753,94.83%,2500,27,Skiploom,,0,
140,Ledyba,,165,♂,318,71,,,,84.4,16.0,16.0,Bug Bite,,,"2023-11-11 18:01",,10.35kg,1m,0,0,0,1900,97.41%,57,97.92%,492600,289,Ledian,,0,97.40%,58,96.32%,492600,289,Ledian,,0,39.54%,1962,91.58%,48600,44,Ledyba,,0,
141,Sandshrew,Normal,27,♀,468,76,,,,43.3,15.0,15.0,Scratch,,,"2023-11-11 18:01",,14.15kg,0.62m,0,0,0,1900,97.66%,15,98.89%,48900,95,Sandslash,Normal,0,41.07%,1933,94.97%,496400,318,Sandslash,Normal,0,95.93%,28,98.73%,3800,4,Sandshrew,Normal,0,
142,Natu,,177,♂,102,32,,,,49.8,4.0,4.0,Peck,Psyshock,,"2023-11-11 18:01",,3.08kg,0.24m,0,0,0,400,61.14%,63,98.42%,82400,134,Xatu,,0,49.52%,1282,90.11%,518400,348,Xatu,,0,44.24%,1037,94.84%,5600,59,Xatu,,0,
143,Minun,,312,♀,304,58,,,,59.1,7.0,7.0,Spark,Discharge,,"2023-11-11 18:01",,4.08kg,0.41m,0,0,0,800,59.19%,219,97.59%,209200,214,Minun,,0,68.49%,628,91.94%,515200,292,Minun,,0,56.89%,396,95.54%,7200,8,Minun,,0,
144,Wartortle,,8,♂,815,94,,,,43.8,21.0,21.0,Water Gun,Ice Beam,,"2023-11-11 17:59",,36.43kg,1.24m,0,0,0,3000,31.91%,1080,94.82%,412000,244,Wartortle,,0,15.90%,1886,95.61%,371000,344,Blastoise,Normal,0,,,,,,,,,
145,Dratini,,147,♂,662,89,,,,67.8,25.0,25.0,Iron Tail,Wrap,,"2023-11-11 17:58",,2.33kg,1.59m,0,0,0,4000,44.40%,686,96.81%,72000,89,Dragonair,,0,82.80%,432,92.85%,444000,245,Dragonair,,0,,,,,,,,,
146,Ditto,,132,♀,357,78,,,,75.6,16.0,16.0,,,,"2023-11-11 17:58",,7.49kg,0.47m,0,0,0,1900,90.42%,211,92.12%,492600,264,Ditto,,0,90.42%,211,92.12%,492600,264,Ditto,,0,25.59%,2147,91.67%,28600,26,Ditto,,0,
147,Swablu,,333,♀,424,84,,,,65.3,20.0,20.0,Peck,Disarming Voice,,"2023-11-11 17:58",,1.73kg,0.5m,0,0,0,2500,36.28%,2109,94.41%,51500,446,Altaria,Normal,0,79.25%,628,92.73%,475000,648,Altaria,Normal,0,59.42%,1180,93.91%,20500,19,Swablu,,0,
148,Panpour,,515,♂,89,37,,,,56.0,4.0,4.0,Water Gun,Surf,,"2023-11-11 17:58",,16.08kg,0.6m,0,0,0,400,50.54%,265,97.36%,67400,122,Simipour,,0,66.42%,16,99.23%,518400,348,Simipour,,0,73.95%,10,99.10%,4800,58,Simipour,,0,
149,Fletchling,,661,♂,302,75,,,,44.0,16.0,16.0,Quick Attack,,,"2023-11-11 17:57",,1.44kg,0.27m,0,0,0,1900,73.36%,45,98.89%,60600,179,Talonflame,,0,36.31%,2319,87.83%,492600,389,Talonflame,,0,80.68%,76,97.28%,60600,54,Fletchling,,0,
150,Golbat,,42,♂,940,108,,,,25.3,19.0,19.0,Bite,Shadow Ball,,"2023-11-11 17:56",,35.74kg,1.28m,0,0,0,2500,65.48%,636,96.39%,85000,74,Golbat,,0,53.27%,1417,96.51%,330000,352,Crobat,,0,,,,,,,,,
151,Chimchar,,390,♂,319,68,,,,64.8,13.0,13.0,Scratch,Flamethrower,,"2023-11-11 17:53",,8.86kg,0.6m,0,0,0,1600,69.85%,30,98.96%,316800,301,Monferno,,0,69.47%,2,99.73%,232800,371,Infernape,,0,52.58%,252,96.58%,27800,28,Chimchar,,0,
152,Houndoom,Normal,229,♀,186,40,,,,63.6,3.0,3.0,Fire Fang,Foul Play,,"2023-11-11 17:52",,33.98kg,1.28m,0,0,0,400,40.29%,94,98.18%,49200,56,Houndoom,Normal,0,38.50%,266,98.12%,269200,300,Houndoom,Normal,0,63.49%,662,95.93%,4000,8,Houndoom,Normal,0,
153,Bunnelby,,659,♂,194,62,,,,58.9,14.0,14.0,Quick Attack,Earthquake,,"2023-11-11 17:52",,4.55kg,0.37m,0,0,0,1600,47.87%,652,96.11%,387600,322,Diggersby,,0,68.21%,946,90.53%,499600,322,Diggersby,,0,46.41%,660,93.44%,302600,272,Bunnelby,,0,
154,Absol,Normal,359,♂,1075,90,,,,53.3,16.0,16.0,Psycho Cut,Megahorn,,"2023-11-11 17:52",,68.53kg,1.43m,0,0,0,1900,19.45%,3042,93.70%,28600,26,Absol,Normal,0,30.90%,2486,95.48%,342600,264,Absol,Normal,0,,,,,,,,,
155,Primeape,,57,♀,1093,100,,,,60.4,18.0,18.0,Counter,Close Combat,,"2023-11-11 17:50",,51.88kg,1.27m,0,0,0,2200,84.93%,33,98.87%,36900,33,Primeape,,0,80.39%,12,99.48%,69900,162,Annihilape,,0,,,,,,,,,
156,Squirtle,,7,♂,319,63,,,,30.7,14.0,14.0,Tackle,Aqua Jet,,"2023-11-11 17:49",,15.85kg,0.61m,0,0,0,1600,52.05%,420,97.00%,45100,168,Blastoise,Normal,0,48.88%,901,96.83%,484600,397,Blastoise,Normal,0,28.85%,1339,93.70%,32600,31,Squirtle,,0,
157,Tepig,,498,♂,248,69,,,,58.3,9.0,9.0,Ember,Flame Charge,,"2023-11-11 17:49",,19.65kg,0.75m,0,0,0,1000,53.00%,64,98.75%,107000,127,Pignite,,0,53.60%,40,98.89%,146000,263,Emboar,,0,71.36%,36,98.83%,27600,32,Tepig,,0,
158,Sableye,Normal,302,♀,612,77,,,,84.0,15.0,15.0,Shadow Claw,Shadow Sneak,,"2023-11-11 17:48",,16.63kg,0.63m,0,0,0,1900,72.46%,677,95.48%,322400,268,Sableye,Normal,0,97.68%,52,96.67%,496400,268,Sableye,Normal,0,,,,,,,,,
159,Rapidash,Normal,78,♀,1683,112,,,,67.4,25.0,25.0,Fire Spin,Flame Charge,,"2023-11-11 17:48",,114.61kg,1.93m,0,0,0,4000,,,,,,,,,26.18%,2550,95.09%,294000,220,Rapidash,Normal,0,,,,,,,,,
160,Froakie,,656,♂,293,59,,,,42.9,12.0,12.0,Bubble,Aerial Ace,,"2023-11-11 17:47",,7.3kg,0.31m,0,0,0,1300,69.36%,85,98.67%,38400,164,Greninja,,0,58.71%,47,99.18%,297400,405,Greninja,,0,82.47%,21,98.50%,0,25,Frogadier,,0,
161,Growlithe,Normal,58,♂,560,84,,,,62.9,17.0,17.0,Ember,Flamethrower,,"2023-11-11 17:42",,12.97kg,0.6m,0,0,0,2200,46.84%,1208,95.97%,4400,54,Arcanine,Normal,0,45.19%,1095,96.96%,93800,132,Arcanine,Normal,0,,,,,,,,,
162,Noibat,,714,♀,280,67,,,,88.9,15.0,15.0,Bite,Heat Wave,,"2023-11-11 17:40",,10.57kg,0.57m,0,0,0,1900,42.31%,2138,94.77%,16400,416,Noivern,,0,46.24%,1935,96.11%,144400,534,Noivern,,0,30.56%,2839,89.83%,64400,58,Noibat,,0,
163,Wartortle,,8,♂,830,100,,,,44.4,22.0,22.0,Bite,Ice Beam,,"2023-11-11 17:38",,16.7kg,0.89m,0,0,0,3000,77.52%,248,96.86%,464000,238,Wartortle,,0,76.66%,247,98.14%,420000,338,Blastoise,Normal,0,,,,,,,,,
164,Mareep,,179,♀,164,52,,,,35.5,7.0,7.0,Tackle,Discharge,,"2023-11-11 17:36",,16.85kg,0.39m,0,0,0,800,60.11%,114,98.34%,500200,317,Flaaffy,,0,49.86%,171,98.60%,218200,351,Ampharos,Normal,0,73.67%,64,98.19%,12400,41,Flaaffy,,0,
165,Swablu,,333,♀,588,98,,,,58.4,28.0,28.0,Astonish,Ice Beam,,"2023-11-11 17:30",,1.26kg,0.47m,0,0,0,4500,56.26%,501,96.84%,0,400,Altaria,Normal,0,69.27%,710,92.41%,419000,598,Altaria,Normal,0,,,,,,,,,
166,Abra,,63,♂,859,70,,,,69.4,24.0,24.0,Charge Beam,Shadow Ball,,"2023-11-11 17:29",,12kg,0.8m,0,0,0,3500,81.06%,1,100%,23000,45,Kadabra,,0,83.32%,6,99.61%,51000,169,Alakazam,Normal,0,,,,,,,,,
167,Pikachu,Normal,25,♀,136,40,,,,57.5,6.0,6.0,Quick Attack,Thunderbolt,,"2023-11-11 16:56",,8.3kg,0.5m,0,0,0,600,84.13%,1,100%,80400,130,Raichu,Normal,0,67.92%,581,92.79%,516400,344,Raichu,Normal,0,78.97%,3,99.12%,46400,50,Pikachu,Normal,0,
168,Gastly,,92,♀,413,56,,,,48.6,13.0,14.0,Astonish,Dark Pulse,,"2023-11-11 16:55",,0.08kg,1.12m,0,0,0,1600,70.32%,234,97.34%,109600,123,Haunter,,0,66.98%,336,97.58%,202600,331,Gengar,Normal,0,45.84%,430,95.34%,8900,10,Gastly,,0,
169,Nidoran♀,,29,♀,189,64,,,,70.0,9.0,9.0,Poison Sting,Body Slam,,"2023-11-11 16:50",,5.42kg,0.4m,0,0,0,1000,63.06%,270,97.61%,48000,175,Nidoqueen,,0,50.88%,630,97.43%,362000,413,Nidoqueen,,0,56.57%,383,95.82%,57500,59,Nidoran♀,,0,
170,Marill,,183,♂,113,77,,,,65.1,10.0,10.0,Tackle,Aqua Tail,,"2023-11-11 16:42",,13.85kg,0.52m,0,0,0,1000,45.15%,1059,96.07%,291000,311,Azumarill,,0,76.27%,353,93.55%,510000,311,Azumarill,,0,28.40%,1384,93.34%,3300,29,Azumarill,,0,
171,Castform,Sunny,351,♀,746,99,,,,37.3,18.0,18.0,Ember,Fire Blast,,"2023-11-11 16:41",,0.63kg,0.28m,0,0,0,2200,50.51%,582,97.25%,287400,256,Castform,Sunny,0,27.67%,2330,85.77%,484400,256,Castform,Sunny,0,,,,,,,,,
172,Aron,,304,♂,368,66,,,,56.3,11.0,11.0,Tackle,Body Slam,,"2023-11-11 16:41",,34.96kg,0.34m,0,0,0,1300,73.38%,310,97.43%,25800,155,Aggron,Normal,0,77.75%,16,99.14%,136000,253,Aggron,Normal,0,47.25%,868,94.96%,10000,14,Aron,,0,
173,Makuhita,,296,♂,220,78,,,,39.2,11.0,11.0,Rock Smash,Cross Chop,,"2023-11-11 16:41",,71.08kg,0.91m,0,0,0,1300,54.86%,237,97.66%,33000,86,Hariyama,,0,45.08%,179,98.34%,202000,256,Hariyama,,0,39.31%,219,96.49%,64000,64,Makuhita,,0,
174,Marill,,183,♀,103,76,,,,49.7,10.0,10.0,Tackle,Bubble Beam,,"2023-11-11 16:41",,8.08kg,0.42m,0,0,0,1000,61.82%,514,97.11%,360000,311,Azumarill,,0,45.55%,1476,88.76%,510000,311,Azumarill,,0,47.40%,737,94.70%,4600,31,Azumarill,,0,
175,Whismur,,293,♂,369,105,,,,91.1,20.0,20.0,Astonish,Return,,"2023-11-11 16:41",,10.34kg,0.51m,0,2,0,2250,98.96%,23,97.32%,427500,248,Loudred,,2,87.37%,167,98.10%,338400,293,Exploud,,2,61.09%,924,93.73%,42300,42,Whismur,,2,
176,Minun,,312,♀,393,63,,,,44.8,9.0,9.0,Spark,Grass Knot,,"2023-11-11 16:41",,5.26kg,0.43m,0,0,0,1000,33.04%,1161,95.84%,224000,234,Minun,,0,39.69%,1750,88.00%,512000,288,Minun,,0,18.26%,2379,91.63%,4000,4,Minun,,0,
177,Voltorb,Hisui,100,,275,55,,,,77.8,10.0,10.0,Tackle,,,"2023-11-11 16:41",,9.57kg,0.46m,0,0,0,1000,35.75%,1645,95.37%,66000,116,Electrode,Hisui,0,93.75%,135,96.02%,510000,336,Electrode,Hisui,0,40.64%,1368,93.89%,25600,30,Voltorb,Hisui,0,
178,Solosis,,577,♂,231,47,,,,36.8,7.0,7.0,Zen Headbutt,Psyshock,,"2023-11-11 16:41",,1.22kg,0.32m,0,0,0,800,56.49%,884,96.66%,37700,167,Reuniclus,,0,58.43%,265,98.24%,193200,319,Reuniclus,,0,48.01%,448,95.46%,17200,22,Solosis,,0,
179,Sunkern,,191,♂,180,67,,,,66.2,19.0,19.0,Cut,Grass Knot,,"2023-11-11 16:41",,2.17kg,0.32m,0,0,0,2500,65.60%,36,98.74%,44000,88,Sunflora,,0,75.64%,351,93.92%,480000,302,Sunflora,,0,71.43%,636,83.43%,480000,252,Sunkern,,0,
180,Voltorb,Hisui,100,,659,88,,,,64.4,25.0,25.0,Tackle,,,"2023-11-11 16:40",,11.44kg,0.45m,0,0,0,4000,36.00%,1504,95.53%,4000,53,Electrode,Hisui,0,80.03%,474,93.45%,444000,270,Electrode,Hisui,0,,,,,,,,,
181,Delcatty,,301,♀,524,84,,,,62.2,13.0,13.0,Feint Attack,Disarming Voice,,"2023-11-11 16:40",,43kg,1.19m,0,0,0,1600,36.81%,1607,94.03%,352800,276,Delcatty,,0,79.27%,612,91.08%,502800,276,Delcatty,,0,,,,,,,,,
182,Carnivine,,455,♂,940,98,,,,28.9,17.0,17.0,Vine Whip,Crunch,,"2023-11-11 16:40",,18.73kg,0.93m,0,0,0,2200,33.94%,1821,94.83%,60800,54,Carnivine,,0,13.25%,3333,83.85%,488800,260,Carnivine,,0,,,,,,,,,
183,Seviper,,336,♂,201,45,,,,42.0,4.0,4.0,Poison Jab,Wrap,,"2023-11-11 16:40",,40.13kg,2.46m,0,0,0,400,27.27%,738,96.58%,90400,92,Seviper,,0,36.42%,1679,88.31%,518400,298,Seviper,,0,55.02%,598,95.33%,6400,10,Seviper,,0,
184,Snubbull,,209,♂,711,103,,,,61.7,22.0,22.0,Tackle,Return,,"2023-11-11 16:40",,12.8kg,0.77m,0,2,0,2700,72.10%,640,90.15%,417600,228,Snubbull,,2,56.99%,271,97.82%,250200,273,Granbull,,2,,,,,,,,,
185,Marill,,183,♂,158,92,,,,67.5,14.0,14.0,Bubble,Body Slam,,"2023-11-11 16:40",,5.88kg,0.4m,0,0,0,1600,44.51%,1093,96.00%,280600,297,Azumarill,,0,75.22%,353,93.55%,499600,297,Azumarill,,0,72.31%,710,89.42%,499600,272,Marill,,0,
186,Murkrow,,198,♀,325,59,,,,55.6,8.0,8.0,Peck,Drill Peck,,"2023-11-11 16:40",,2.92kg,0.58m,0,0,0,800,64.36%,295,97.20%,41100,144,Honchkrow,,0,42.61%,1068,96.74%,234600,348,Honchkrow,,0,58.89%,536,95.69%,8200,10,Murkrow,,0,
187,Wooper,Normal,194,♂,213,77,,,,71.6,13.0,13.0,Water Gun,Dig,,"2023-11-11 16:39",,9.6kg,0.43m,0,0,0,1600,40.03%,927,96.18%,79300,124,Quagsire,,0,83.92%,293,94.12%,502800,326,Quagsire,,0,53.50%,444,95.30%,112800,102,Wooper,Normal,0,
188,Chansey,,113,♀,195,160,,,,74.6,6.0,6.0,Pound,,,"2023-11-11 16:39",,47.86kg,1.28m,0,0,0,600,25.67%,1444,95.56%,38900,94,Blissey,,0,24.19%,1845,95.80%,194400,246,Blissey,,0,31.74%,1755,92.38%,600,51,Blissey,,0,
189,Marill,,183,♀,196,103,,,,56.4,18.0,18.0,Tackle,Bubble Beam,,"2023-11-11 16:35",,10.45kg,0.43m,0,0,0,2200,46.70%,860,96.43%,298400,281,Azumarill,,0,60.27%,807,91.20%,484400,281,Azumarill,,0,57.50%,1320,84.71%,484400,256,Marill,,0,
190,Castform,Sunny,351,♂,1043,119,,,,63.7,24.0,24.0,Tackle,Weather Ball,,"2023-11-11 16:35",,0.94kg,0.32m,0,0,0,3500,54.95%,817,96.82%,181000,196,Castform,Sunny,0,75.28%,675,91.19%,451000,226,Castform,Sunny,0,,,,,,,,,
191,Snubbull,,209,♀,311,66,,,,39.1,10.0,10.0,Tackle,Dazzling Gleam,,"2023-11-11 16:35",,5.13kg,0.57m,0,0,0,1000,33.96%,416,96.69%,49000,101,Granbull,,0,35.76%,360,97.63%,385000,336,Granbull,,0,53.13%,97,97.62%,17400,22,Snubbull,,0,
192,Hippopotas,,449,♂,639,100,,,,85.6,17.0,17.0,Bite,Dig,,"2023-11-11 16:35",,74.93kg,0.93m,0,0,0,2200,97.92%,55,98.46%,488800,260,Hippopotas,,0,18.29%,3177,94.78%,74300,116,Hippowdon,,0,,,,,,,,,
193,Glameow,,431,♂,136,47,,,,59.1,6.0,6.0,Scratch,Play Rough,,"2023-11-11 16:35",,5.81kg,0.57m,0,0,0,600,71.35%,4,99.45%,106400,154,Purugly,,0,66.09%,685,91.93%,516400,344,Purugly,,0,66.17%,20,98.51%,46400,50,Glameow,,0,
194,Pidove,,519,♂,243,66,,,,38.2,12.0,12.0,Quick Attack,Aerial Ace,,"2023-11-11 16:35",,3.08kg,0.34m,0,0,0,1300,69.45%,47,98.49%,35400,98,Unfezant,,0,60.73%,111,98.84%,265400,342,Unfezant,,0,67.83%,73,97.89%,57900,57,Pidove,,0,
195,Plusle,,311,♂,24,15,,,,80.2,1.0,1.0,Spark,Thunderbolt,,"2023-11-11 16:35",,3.15kg,0.36m,0,0,0,200,43.62%,251,97.58%,136000,136,Plusle,,0,94.06%,3,99.45%,520000,304,Plusle,,0,49.72%,300,96.77%,10000,18,Plusle,,0,
196,Misdreavus,,200,♀,898,91,,,,45.0,18.0,18.0,Astonish,Ominous Wind,,"2023-11-11 16:35",,1.2kg,0.77m,0,0,0,2200,60.15%,142,98.14%,84400,74,Misdreavus,,0,54.41%,173,98.19%,298400,356,Mismagius,,0,,,,,,,,,
197,Misdreavus,,200,♂,999,97,,,,73.9,19.0,19.0,Astonish,Dark Pulse,,"2023-11-11 16:34",,0.95kg,0.68m,0,0,0,2500,65.85%,408,97.36%,65500,58,Misdreavus,,0,60.14%,482,97.49%,220000,337,Mismagius,,0,,,,,,,,,
198,Exeggutor,Alola,103,♀,913,98,,,,47.3,11.0,11.5,,,,"2023-11-11 16:32",,90100.kg,,0,0,0,1300,33.21%,788,96.32%,24500,28,Exeggutor,Alola,0,38.48%,407,97.89%,140700,132,Exeggutor,Alola,0,,,,,,,,,
199,Pikipek,,731,♀,264,56,,,,44.9,12.0,12.0,Rock Smash,Aerial Ace,,"2023-11-11 16:31",,1.45kg,0.3m,0,0,0,1300,50.67%,1518,95.47%,35400,161,Toucannon,,0,62.92%,164,98.62%,286400,405,Toucannon,,0,57.51%,450,94.82%,44400,45,Pikipek,,0,
200,Magikarp,,129,♂,153,59,,,,91.6,20.0,20.0,Splash,Struggle,,"2023-11-11 16:31",,14.16kg,1.06m,0,0,0,2500,99.62%,6,97.73%,475000,248,Magikarp,,0,56.03%,1229,96.08%,39000,434,Gyarados,Normal,0,99.62%,6,97.73%,475000,248,Magikarp,,0,
201,Bulbasaur,,1,♂,459,73,,,,83.6,15.0,15.0,Tackle,,,"2023-11-11 16:31",,4.47kg,0.65m,0,0,0,1900,46.36%,1170,96.32%,137400,151,Ivysaur,,0,38.09%,1353,96.74%,166400,285,Venusaur,Normal,0,34.09%,1478,93.44%,3800,4,Bulbasaur,,0,
202,Charmander,,4,♂,391,66,,,,70.6,15.0,15.0,Ember,Flame Charge,,"2023-11-11 16:31",,7.62kg,0.55m,0,0,0,1900,55.15%,447,97.34%,190400,215,Charmeleon,,0,51.66%,495,97.50%,130400,243,Charizard,Normal,0,55.53%,481,95.27%,16400,16,Charmander,,0,
203,Squirtle,,7,♂,384,72,,,,77.8,15.0,15.0,Tackle,Water Pulse,,"2023-11-11 16:31",,13.55kg,0.59m,0,0,0,1900,61.75%,444,96.10%,334400,293,Wartortle,,0,54.85%,831,96.93%,322400,393,Blastoise,Normal,0,58.39%,731,95.03%,18900,18,Squirtle,,0,
204,Abra,,63,♂,609,55,,,,68.9,17.0,17.0,Charge Beam,Shadow Ball,,"2023-11-11 16:31",,29.44kg,1.11m,0,0,0,2200,51.05%,1415,95.25%,56800,75,Kadabra,,0,36.08%,560,97.45%,88800,203,Alakazam,Normal,0,,,,,,,,,
205,Glameow,,431,♀,635,100,,,,83.3,25.0,25.0,Scratch,Thunderbolt,,"2023-11-11 16:31",,2.96kg,0.43m,0,0,0,4000,51.29%,892,96.47%,20500,68,Purugly,,0,95.68%,66,96.79%,444000,270,Purugly,,0,,,,,,,,,
206,Vulpix,Normal,37,♀,445,67,,,,61.1,19.0,19.0,Ember,Flame Charge,,"2023-11-11 16:31",,8.96kg,0.52m,0,0,0,2500,11.51%,3528,92.94%,29000,76,Ninetales,Normal,0,70.29%,1146,94.05%,480000,302,Ninetales,Normal,0,8.99%,3631,88.77%,10000,8,Vulpix,Normal,0,
207,Magikarp,,129,♂,133,54,,,,80.7,18.0,18.0,Splash,Struggle,,"2023-11-11 16:31",,11.95kg,0.96m,0,0,0,2200,97.00%,83,91.41%,484400,256,Magikarp,,0,41.38%,1481,95.82%,52400,446,Gyarados,Normal,0,97.00%,83,91.41%,484400,256,Magikarp,,0,
208,Hoppip,,187,♂,250,65,,,,91.1,15.0,15.0,Bullet Seed,Grass Knot,,"2023-11-11 16:31",,0.12kg,0.23m,0,0,0,1900,38.19%,2045,94.70%,158400,275,Jumpluff,,0,99.21%,13,98.50%,496400,393,Jumpluff,,0,29.07%,2311,91.64%,12000,37,Skiploom,,0,
209,Swellow,,277,♀,852,87,,,,80.0,16.0,16.0,Steel Wing,Brave Bird,,"2023-11-11 16:31",,23.92kg,0.71m,0,0,0,1900,38.42%,2157,94.77%,73600,66,Swellow,,0,94.22%,226,94.61%,492600,264,Swellow,,0,,,,,,,,,
210,Carnivine,,455,♂,1194,111,,,,47.8,21.0,21.0,Bite,Power Whip,,"2023-11-11 16:31",,20.55kg,1.36m,0,0,0,3000,24.07%,2241,94.36%,34000,30,Carnivine,,0,45.76%,1723,88.51%,470000,244,Carnivine,,0,,,,,,,,,
211,Hoothoot,,163,♀,295,91,,,,45.9,18.0,18.0,Feint Attack,Night Shade,,"2023-11-11 16:30",,15.26kg,0.67m,0,0,0,2200,33.98%,1428,95.65%,69900,112,Noctowl,,0,42.39%,1610,89.43%,484400,306,Noctowl,,0,50.61%,966,94.08%,94400,82,Hoothoot,,0,
212,Pikachu,Normal,25,♀,132,38,,,,43.4,6.0,6.0,Quick Attack,Discharge,,"2023-11-11 16:30",,6.32kg,0.45m,0,0,0,600,79.75%,17,98.67%,84400,134,Raichu,Normal,0,37.74%,1685,89.09%,516400,344,Raichu,Normal,0,59.52%,125,96.64%,49400,53,Pikachu,Normal,0,
213,Geodude,Normal,74,♀,718,82,,,,66.7,21.0,21.0,Tackle,Return,,"2023-11-11 16:30",,21.45kg,0.42m,0,2,0,2700,41.25%,1009,96.28%,54000,76,Graveler,Normal,2,60.15%,409,97.73%,88200,200,Golem,Normal,2,,,,,,,,,
214,Glameow,,431,♀,540,90,,,,85.6,21.0,21.0,Scratch,Return,,"2023-11-11 16:30",,3.61kg,0.56m,0,2,0,2700,72.94%,765,96.67%,41850,87,Purugly,,2,98.17%,51,97.11%,423000,279,Purugly,,2,,,,,,,,,
215,Meowth,Normal,52,♂,378,74,,,,51.9,20.0,20.0,Scratch,Dark Pulse,,"2023-11-11 16:30",,5.19kg,0.39m,0,0,0,2500,31.73%,1397,95.78%,178000,232,Persian,Normal,0,56.86%,1200,89.45%,475000,298,Persian,Normal,0,28.18%,1665,92.68%,43000,38,Meowth,Normal,0,
216,Pikachu,Normal,25,♂,252,54,,,,45.9,11.0,11.0,Thunder Shock,Thunder,,"2023-11-11 16:30",,7.42kg,0.43m,0,0,0,1300,84.99%,25,98.50%,76000,124,Raichu,Normal,0,45.75%,1586,89.36%,508000,334,Raichu,Normal,0,70.03%,144,96.55%,41000,43,Pikachu,Normal,0,
217,Pikachu,Normal,25,♂,192,47,,,,67.1,8.0,8.0,Thunder Shock,Thunder,,"2023-11-11 16:30",,7.92kg,0.48m,0,0,0,800,71.81%,76,97.94%,73600,123,Raichu,Normal,0,80.74%,340,94.14%,513600,340,Raichu,Normal,0,81.48%,125,97.82%,800,51,Raichu,Normal,0,
218,Tepig,,498,♂,405,87,,,,73.3,14.0,14.0,Tackle,,,"2023-11-11 16:30",,15.42kg,0.62m,0,0,0,1600,46.13%,592,97.13%,85100,103,Pignite,,0,48.76%,632,97.31%,109600,223,Emboar,,0,37.30%,1322,94.36%,10800,12,Tepig,,0,
219,Squirtle,,7,♂,118,37,,,,60.4,5.0,5.0,Tackle,Aqua Jet,,"2023-11-11 16:30",,8.05kg,0.53m,0,0,0,600,29.67%,2019,93.44%,392600,321,Wartortle,,0,17.88%,2552,94.93%,379600,421,Blastoise,Normal,0,59.93%,997,94.38%,3200,130,Blastoise,Normal,0,
220,Tepig,,498,♂,71,35,,,,41.4,3.0,3.0,Tackle,,,"2023-11-11 16:30",,7.34kg,0.44m,0,0,0,400,33.94%,464,97.32%,39200,173,Emboar,,0,31.99%,403,97.68%,160200,283,Emboar,,0,70.51%,72,98.01%,3400,132,Emboar,,0,
221,Raticate,Alola,20,♀,710,99,,,,80.7,15.0,15.0,Quick Attack,Crunch,,"2023-11-11 16:30",,13.85kg,0.6m,0,0,0,1900,21.70%,2260,94.70%,130400,118,Raticate,Alola,0,96.15%,67,96.80%,496400,268,Raticate,Alola,0,,,,,,,,,
222,Rattata,Alola,19,♂,302,58,,,,83.9,15.0,15.0,Tackle,Shadow Ball,,"2023-11-11 16:29",,3.9kg,0.31m,0,0,0,1900,33.53%,2571,94.28%,130400,143,Raticate,Alola,0,97.76%,81,96.38%,496400,293,Raticate,Alola,0,36.12%,2314,91.51%,48900,45,Rattata,Alola,0,
223,Tepig,,498,♂,244,67,,,,46.7,9.0,9.0,Ember,Body Slam,,"2023-11-11 16:29",,13.19kg,0.55m,0,0,0,1000,43.64%,877,96.59%,32000,161,Emboar,,0,45.79%,218,98.10%,153000,271,Emboar,,0,46.31%,538,95.39%,2000,27,Pignite,,0,
224,Yungoos,,734,♀,350,76,,,,75.6,15.0,15.0,Tackle,Crunch,,"2023-11-11 16:29",,7.56kg,0.45m,0,0,0,1900,66.17%,460,97.10%,52400,98,Gumshoos,,0,90.03%,216,94.65%,496400,318,Gumshoos,,0,39.39%,947,93.71%,26400,24,Yungoos,,0,
225,Pikachu,Normal,25,♀,389,64,,,,86.7,15.0,15.0,Quick Attack,Wild Charge,,"2023-11-11 16:29",,8.46kg,0.48m,0,0,0,1900,73.56%,431,96.61%,48900,95,Raichu,Normal,0,98.33%,32,97.96%,496400,318,Raichu,Normal,0,42.91%,1555,92.84%,16400,16,Pikachu,Normal,0,
226,Fomantis,,753,♂,315,69,,,,97.8,15.0,15.0,Leafage,Grass Knot,,"2023-11-11 16:29",,1.7kg,0.32m,0,0,0,1900,52.72%,436,97.12%,32400,80,Lurantis,,0,82.93%,685,96.55%,322400,318,Lurantis,,0,50.45%,1932,91.90%,41900,39,Fomantis,,0,
227,Wingull,,278,♂,319,69,,,,91.7,15.0,15.0,Quick Attack,Air Cutter,,"2023-11-11 16:29",,7kg,0.46m,0,0,0,1900,58.65%,740,96.28%,52400,98,Pelipper,,0,99.45%,17,98.42%,496400,318,Pelipper,,0,54.77%,1041,93.88%,41900,39,Wingull,,0,
228,Parasect,,47,♂,763,85,,,,74.0,15.0,15.0,Struggle Bug,Cross Poison,,"2023-11-11 16:29",,37.07kg,1.11m,0,0,0,1900,33.28%,1248,96.06%,91400,82,Parasect,,0,89.69%,241,94.58%,496400,268,Parasect,,0,,,,,,,,,
229,Tepig,,498,♂,248,69,,,,58.3,9.0,9.0,Ember,,,"2023-11-11 16:29",,19.65kg,0.72m,0,0,0,1000,53.00%,64,98.75%,107000,127,Pignite,,0,53.60%,40,98.89%,146000,263,Emboar,,0,71.36%,36,98.83%,27600,32,Tepig,,0,
230,Alomomola,,594,♀,893,182,,,,82.2,15.0,15.0,Hidden Power,Blizzard,,"2023-11-11 16:29",,50.43kg,1.49m,0,0,0,1900,52.23%,1079,95.78%,52400,48,Alomomola,,0,92.28%,134,96.08%,496400,268,Alomomola,,0,,,,,,,,,
231,Tentacruel,,73,♀,1026,106,,,,92.2,15.0,15.0,Acid,Blizzard,,"2023-11-11 16:29",,87.9kg,1.86m,0,0,0,1900,15.07%,3186,93.60%,29400,27,Tentacruel,,0,58.88%,1191,95.86%,310400,268,Tentacruel,,0,,,,,,,,,
232,Murkrow,,198,♂,646,87,,,,84.4,15.0,15.0,Peck,Dark Pulse,,"2023-11-11 16:29",,1.53kg,0.44m,0,0,0,1900,57.45%,262,97.71%,236400,253,Murkrow,,0,58.09%,367,97.78%,182400,280,Honchkrow,,0,,,,,,,,,
233,Snivy,,495,♂,325,71,,,,58.5,15.0,15.0,Vine Whip,Seed Bomb,,"2023-11-11 16:29",,6.42kg,0.49m,0,0,0,1900,84.87%,86,98.13%,496400,293,Servine,,0,68.49%,877,95.28%,496400,393,Serperior,,0,60.75%,518,95.68%,38400,36,Snivy,,0,
234,Charmander,,4,♂,551,77,,,,69.4,21.0,21.0,Scratch,Flame Burst,,"2023-11-11 16:28",,12.75kg,0.7m,0,0,0,3000,27.33%,2443,94.59%,156000,181,Charmeleon,,0,21.25%,3010,95.00%,104000,219,Charizard,Normal,0,,,,,,,,,
235,Magikarp,,129,♀,26,25,,,,85.8,4.0,4.0,Splash,,,"2023-11-11 16:25",,7.81kg,0.83m,1,0,0,200,44.25%,910,96.02%,11950,432,Gyarados,Normal,0,47.39%,568,96.88%,43200,488,Gyarados,Normal,0,88.06%,1,100%,700,403,Gyarados,Normal,0,
236,Fennekin,,653,♀,216,50,,,,72.6,8.0,8.0,Ember,Flame Charge,,"2023-11-11 16:25",,8.5kg,0.39m,0,0,0,800,49.91%,332,97.69%,123600,141,Braixen,,0,49.82%,298,98.18%,108600,229,Delphox,,0,57.41%,295,96.39%,3600,29,Braixen,,0,
237,Wailmer,,320,♀,812,179,,,,50.8,21.5,22.5,Water Gun,Water Pulse,,"2023-11-11 16:25",,181.91kg,2.31m,0,0,0,3000,64.15%,68,98.31%,24000,421,Wailord,,0,43.75%,1129,93.28%,467000,641,Wailord,,0,,,,,,,,,
238,Charmander,,4,♂,402,68,,,,83.3,15.0,15.0,Scratch,Flame Burst,,"2023-11-11 16:25",,10.21kg,0.71m,0,0,0,1900,69.11%,439,96.92%,14200,139,Charizard,Normal,0,63.93%,447,97.58%,118400,231,Charizard,Normal,0,56.74%,719,94.63%,14200,14,Charmander,,0,
239,Chespin,,650,♂,647,98,,,,53.1,23.0,23.0,Take Down,Gyro Ball,,"2023-11-11 16:25",,13.67kg,0.49m,0,0,0,3500,56.28%,828,96.92%,144000,169,Quilladin,,0,46.52%,1176,96.88%,92000,207,Chesnaught,,0,,,,,,,,,
240,Litten,,725,♂,639,91,,,,59.4,24.0,24.0,Scratch,Flamethrower,,"2023-11-11 16:25",,3.43kg,0.39m,0,0,0,3500,41.46%,421,97.19%,137000,163,Torracat,,0,38.95%,464,97.65%,73000,189,Incineroar,,0,,,,,,,,,
241,Ponyta,Galar,77,♀,198,40,,,,25.0,5.0,5.0,Low Kick,Psybeam,,"2023-11-11 16:25",,15.94kg,0.7m,0,0,0,600,60.28%,171,97.49%,66600,120,Rapidash,Galar,0,27.58%,1637,96.04%,517600,346,Rapidash,Galar,0,72.90%,426,96.73%,4000,56,Rapidash,Galar,0,
242,Lillipup,,506,♀,193,54,,,,33.3,9.0,9.0,Take Down,Rock Tomb,,"2023-11-11 16:24",,4.57kg,0.42m,0,0,0,1000,86.57%,85,98.07%,39500,167,Stoutland,,0,78.05%,263,98.03%,233000,371,Stoutland,,0,77.39%,213,97.04%,54000,56,Lillipup,,0,
243,Charizard,Normal,6,♂,1708,121,,,,88.9,21.0,21.0,Fire Spin,Overheat,,"2023-11-11 16:24",,67.87kg,1.57m,0,0,0,3000,,,,,,,,,37.88%,2261,95.69%,80000,70,Charizard,Normal,0,,,,,,,,,
244,Anorith,,347,♂,926,83,15,14,6,77.8,22.0,22.0,Struggle Bug,Return,,"2023-11-11 16:24",,9.59kg,0.66m,0,2,0,2700,33.48%,2725,93.54%,210600,228,Anorith,,2,41.12%,2412,95.85%,88200,133,Armaldo,,2,,,,,,,,,
245,Meowth,Normal,52,♀,374,74,,,,47.8,20.0,20.0,Scratch,Foul Play,,"2023-11-11 16:24",,3.55kg,0.36m,0,0,0,2500,22.39%,1912,95.17%,178000,232,Persian,Normal,0,47.60%,1577,88.25%,475000,298,Persian,Normal,0,27.77%,1800,92.41%,43000,38,Meowth,Normal,0,
246,Cherubi,,420,♂,388,73,,,,82.6,15.0,15.0,Tackle,Seed Bomb,,"2023-11-11 16:24",,3.83kg,0.46m,0,0,0,1900,30.77%,1850,95.16%,60400,104,Cherrim,,0,96.44%,59,96.72%,496400,318,Cherrim,,0,40.43%,1317,93.43%,16400,16,Cherubi,,0,
247,Ponyta,Normal,77,♂,866,88,,,,69.6,19.0,19.0,Tackle,Flame Wheel,,"2023-11-11 16:24",,25.39kg,0.92m,0,0,0,2500,60.24%,63,98.47%,150000,144,Ponyta,Normal,0,66.44%,69,98.80%,342000,302,Rapidash,Normal,0,,,,,,,,,
248,Drifloon,,425,♀,219,78,,,,13.6,8.0,8.0,Astonish,,,"2023-11-11 16:24",,0.72kg,0.3m,0,1,0,961,66.40%,403,96.71%,88326,158,Drifblim,,1,14.42%,3226,90.60%,402600,258,Drifblim,,2,78.99%,483,95.71%,961,52,Drifblim,,1,
249,Bulbasaur,,1,♂,689,89,15,11,15,91.1,22.0,22.0,Tackle,Sludge Bomb,,"2023-11-11 16:24",,9.55kg,0.81m,0,0,0,3000,36.56%,2599,94.52%,92000,107,Ivysaur,,0,26.81%,2998,95.03%,119000,237,Venusaur,Normal,0,,,,,,,,,
250,Swirlix,,684,♂,559,91,,,,54.9,18.0,18.0,Tackle,Energy Ball,,"2023-11-11 16:24",,2.65kg,0.4m,0,0,0,2200,10.66%,3125,93.37%,40400,86,Slurpuff,,0,61.76%,1123,91.16%,484400,306,Slurpuff,,0,,,,,,,,,
251,Blitzle,,522,♂,516,87,,,,74.1,22.0,22.0,Quick Attack,,,"2023-11-11 16:24",,18.18kg,0.66m,0,0,0,3000,69.00%,164,98.12%,3000,53,Zebstrika,,0,62.45%,551,97.25%,339000,288,Zebstrika,,0,,,,,,,,,
252,Torchic,,255,♀,299,62,,,,48.9,11.0,11.0,Ember,Flamethrower,,"2023-11-11 16:24",,3.73kg,0.45m,0,0,0,1300,81.98%,14,99.44%,33000,161,Blaziken,Normal,0,72.25%,13,99.25%,194000,321,Blaziken,Normal,0,55.33%,769,94.33%,1300,27,Combusken,,0,
253,Shiftry,,275,♀,748,99,,,,58.2,12.0,12.0,Razor Leaf,Hurricane,,"2023-11-11 16:23",,92.67kg,1.57m,0,0,0,1300,67.52%,60,98.56%,54400,54,Shiftry,,0,69.69%,234,97.79%,505400,280,Shiftry,,0,,,,,,,,,
254,Snubbull,,209,♀,734,105,,,,77.2,22.0,22.0,Tackle,Return,,"2023-11-11 16:23",,4.01kg,0.49m,0,2,0,2700,92.41%,127,94.74%,417600,228,Snubbull,,2,73.80%,337,97.68%,220500,273,Granbull,,2,,,,,,,,,
255,Maractus,,556,♀,759,90,,,,37.1,13.0,13.0,Bullet Seed,Petal Blizzard,,"2023-11-11 16:23",,32.25kg,1.18m,0,0,0,1600,68.34%,136,98.17%,62800,59,Maractus,,0,28.31%,2339,89.73%,502800,276,Maractus,,0,,,,,,,,,
256,Yungoos,,734,♀,341,70,,,,55.6,15.0,15.0,Bite,Rock Tomb,,"2023-11-11 16:23",,6.07kg,0.4m,0,0,0,1900,51.53%,1235,95.87%,56400,101,Gumshoos,,0,67.48%,934,90.87%,496400,318,Gumshoos,,0,49.59%,1510,92.61%,32400,30,Yungoos,,0,
257,Ekans,,23,♀,379,64,,,,80.6,15.0,15.0,Poison Sting,Wrap,,"2023-11-11 16:23",,4.53kg,1.76m,0,0,0,1900,40.89%,1480,95.83%,77400,120,Arbok,,0,95.95%,80,96.64%,496400,318,Arbok,,0,37.29%,1836,92.53%,18900,18,Ekans,,0,
258,Phanpy,,231,♂,722,134,,,,71.9,22.0,22.0,Tackle,Return,,"2023-11-11 16:23",,46.21kg,0.63m,0,2,0,2700,91.05%,220,93.60%,417600,228,Phanpy,,2,45.20%,1220,96.82%,57600,101,Donphan,,2,,,,,,,,,
259,Kakuna,,14,♀,181,71,,,,88.9,15.0,15.0,Bug Bite,Struggle,,"2023-11-11 16:23",,13.51kg,0.69m,0,0,0,1900,24.43%,3062,93.93%,81900,124,Beedrill,Normal,0,99.13%,36,97.32%,496400,318,Beedrill,Normal,0,99.39%,24,95.83%,496400,268,Kakuna,,0,
260,Ponyta,Normal,77,♂,69,22,,,,52.2,2.0,2.0,Ember,Flame Wheel,,"2023-11-11 16:23",,39.97kg,1.14m,0,0,0,200,14.83%,2199,94.69%,213600,224,Ponyta,Normal,0,22.30%,1719,95.94%,433600,352,Rapidash,Normal,0,37.60%,1822,93.08%,5200,61,Rapidash,Normal,0,
261,Lillipup,,506,♂,104,38,,,,36.7,5.0,5.0,Take Down,Rock Tomb,,"2023-11-11 16:23",,1.4kg,0.26m,0,0,0,600,58.39%,58,98.84%,405600,321,Herdier,,0,55.35%,27,99.02%,229600,367,Stoutland,,0,80.17%,33,98.68%,13500,43,Herdier,,0,
262,Blaziken,Normal,257,♂,832,87,,,,50.4,11.0,11.0,Fire Spin,Overheat,,"2023-11-11 16:23",,63.78kg,2.06m,0,0,0,1300,36.57%,558,97.07%,30500,34,Blaziken,Normal,0,51.14%,59,98.69%,186000,186,Blaziken,Normal,0,,,,,,,,,
263,Flareon,,136,♀,1927,112,,,,73.3,23.0,23.0,Ember,Flamethrower,,"2023-11-11 16:23",,28.07kg,0.97m,0,0,0,3500,,,,,,,,,5.24%,3836,93.98%,53000,46,Flareon,,0,,,,,,,,,
264,Chespin,,650,♂,608,97,,,,87.8,20.0,20.0,Vine Whip,Seed Bomb,,"2023-11-11 16:23",,10.96kg,0.4m,0,0,0,2500,42.21%,1724,95.64%,97000,111,Quilladin,,0,51.78%,1292,96.76%,75000,191,Chesnaught,,0,,,,,,,,,
265,Paras,,46,♂,496,69,,,,76.5,18.0,18.0,Scratch,X-Scissor,,"2023-11-11 16:23",,5.91kg,0.3m,0,0,0,2200,28.22%,2047,95.09%,74400,116,Parasect,,0,92.48%,172,95.26%,484400,306,Parasect,,0,52.04%,748,94.46%,0,0,Paras,,0,
266,Torchic,,255,♂,192,49,,,,62.2,7.0,7.0,Scratch,Flame Charge,,"2023-11-11 16:23",,3.23kg,0.49m,0,0,0,800,77.36%,1,100%,37700,167,Blaziken,Normal,0,69.98%,1,100%,185200,309,Blaziken,Normal,0,87.65%,1,100%,8500,35,Combusken,,0,
267,Hitmontop,,237,♂,501,59,,,,48.5,9.0,9.0,Counter,Stone Edge,,"2023-11-11 16:23",,51.98kg,1.4m,0,0,0,1000,80.04%,48,98.59%,80000,78,Hitmontop,,0,54.11%,1261,90.47%,512000,288,Hitmontop,,0,,,,,,,,,
268,Torchic,,255,♂,394,67,,,,85.9,13.0,13.0,Scratch,Rock Tomb,,"2023-11-11 16:23",,2.46kg,0.41m,0,0,0,1600,52.70%,1356,95.69%,164800,183,Combusken,,0,53.87%,1380,96.44%,130800,245,Blaziken,Normal,0,68.66%,978,94.32%,12100,14,Torchic,,0,
269,Hitmonlee,,106,♂,1499,88,,,,50.0,22.0,22.0,Low Kick,Return,,"2023-11-11 16:22",,40.56kg,1.38m,0,2,0,2700,62.07%,489,97.07%,0,0,Hitmonlee,,2,31.85%,1158,96.62%,261000,228,Hitmonlee,,2,,,,,,,,,
270,Torchic,,255,♂,167,43,,,,65.3,6.0,6.0,Ember,Flame Charge,,"2023-11-11 16:22",,3.35kg,0.47m,0,0,0,600,39.53%,780,96.55%,219400,253,Combusken,,0,39.68%,1024,96.80%,171400,293,Blaziken,Normal,0,68.32%,612,96.24%,600,126,Blaziken,Normal,0,
271,Breloom,,286,♂,1422,97,,,,63.3,20.0,20.0,Bullet Seed,Seed Bomb,,"2023-11-11 16:22",,37.64kg,1.18m,0,0,0,2500,60.13%,773,96.44%,5000,4,Breloom,,0,33.11%,1831,96.02%,225000,248,Breloom,,0,,,,,,,,,
272,Torchic,,255,♂,371,67,,,,64.8,13.0,13.0,Ember,Flame Charge,,"2023-11-11 16:22",,3.44kg,0.45m,0,0,0,1600,54.42%,166,97.98%,214800,247,Combusken,,0,57.90%,85,98.54%,164800,283,Blaziken,Normal,0,72.94%,22,98.43%,16200,18,Torchic,,0,
273,Venusaur,Normal,3,♂,585,76,,,,70.8,8.0,8.0,Vine Whip,Petal Blizzard,,"2023-11-11 16:22",,104.22kg,1.93m,0,0,0,800,63.24%,379,97.32%,38600,42,Venusaur,Normal,0,51.85%,465,97.82%,207600,212,Venusaur,Normal,0,,,,,,,,,
274,Hitmonchan,,107,♂,1179,88,,,,55.6,19.0,19.0,Bullet Punch,Close Combat,,"2023-11-11 16:22",,37.83kg,1.18m,0,0,0,2500,80.13%,297,97.56%,29000,26,Hitmonchan,,0,73.71%,614,96.70%,480000,252,Hitmonchan,,0,,,,,,,,,
275,Voltorb,Normal,100,,307,58,,,,84.9,11.0,11.0,Spark,Signal Beam,,"2023-11-11 16:22",,7.68kg,0.49m,0,0,0,1300,57.43%,786,96.16%,68000,117,Electrode,Normal,0,97.70%,43,97.71%,508000,334,Electrode,Normal,0,22.87%,2449,92.04%,21400,26,Voltorb,Normal,0,
276,Omanyte,,138,♂,1046,79,,,,51.1,26.0,26.0,Mud Shot,Ancient Power,,"2023-11-11 16:22",,10.59kg,0.48m,0,0,0,4000,36.86%,1388,95.37%,298000,214,Omanyte,,0,30.56%,1524,96.25%,130000,186,Omastar,,0,,,,,,,,,
277,Mankey,,56,♂,203,45,,,,53.9,7.0,7.0,Karate Chop,Cross Chop,,"2023-11-11 16:22",,41.17kg,0.59m,0,0,0,800,68.39%,306,97.69%,26400,182,Annihilape,,0,54.19%,155,98.36%,100700,248,Annihilape,,0,49.92%,102,97.26%,24500,30,Mankey,,0,
278,Kabuto,,140,♂,695,61,,,,66.7,19.0,19.0,Scratch,Ancient Power,,"2023-11-11 16:22",,11.1kg,0.5m,0,0,0,2500,17.21%,3131,93.94%,5000,54,Kabutops,,0,30.08%,2211,95.88%,183000,236,Kabutops,,0,,,,,,,,,
279,Amaura,,698,♂,398,84,,,,59.6,11.0,11.0,Frost Breath,Thunderbolt,,"2023-11-11 16:22",,30.95kg,1.28m,0,0,0,1300,35.00%,1079,96.11%,30500,84,Aurorus,,0,32.03%,1219,96.55%,178000,226,Aurorus,,0,23.53%,1935,92.76%,6800,10,Amaura,,0,
280,Torchic,,255,♂,601,82,,,,41.0,22.0,22.0,Scratch,Flamethrower,,"2023-11-11 16:22",,2.56kg,0.44m,0,0,0,3000,40.37%,223,97.81%,234000,263,Combusken,,0,35.67%,189,98.12%,150000,275,Blaziken,Normal,0,,,,,,,,,
281,Torchic,,255,♂,521,76,,,,63.9,18.0,18.0,Ember,Flame Charge,,"2023-11-11 16:22",,1.91kg,0.37m,0,0,0,2200,32.11%,1460,95.58%,187400,215,Combusken,,0,26.95%,1996,95.90%,139400,255,Blaziken,Normal,0,,,,,,,,,
282,Torchic,,255,♂,779,96,,,,83.7,26.0,26.0,Scratch,Rock Tomb,,"2023-11-11 16:21",,2.73kg,0.44m,0,0,0,4000,68.27%,915,96.27%,106000,131,Combusken,,0,81.90%,247,97.97%,70000,189,Blaziken,Normal,0,,,,,,,,,
283,Torchic,,255,♂,761,92,14,14,11,86.7,25.0,25.0,Ember,Flame Charge,,"2023-11-11 16:21",,3kg,0.47m,0,0,0,4000,32.19%,2778,93.99%,99000,119,Combusken,,0,75.41%,1008,96.82%,72000,189,Blaziken,Normal,0,,,,,,,,,
284,Cranidos,,408,♂,747,91,,,,74.8,15.0,15.0,Zen Headbutt,Ancient Power,,"2023-11-11 16:21",,37.89kg,1.03m,0,0,0,1900,71.57%,638,96.60%,96400,86,Cranidos,,0,48.59%,1401,95.93%,68400,112,Rampardos,,0,,,,,,,,,
285,Squirtle,,7,♀,198,47,,,,58.9,8.0,8.0,Tackle,Aqua Jet,,"2023-11-11 16:21",,11.26kg,0.56m,0,0,0,800,16.42%,3341,91.44%,375600,315,Wartortle,,0,13.46%,3138,94.30%,375600,415,Blastoise,Normal,0,27.36%,1861,93.15%,9500,37,Wartortle,,0,
286,Mareep,,179,♀,164,52,,,,35.5,7.0,7.0,Tackle,,,"2023-11-11 16:21",,16.85kg,0.89m,0,0,0,800,60.11%,114,98.34%,500200,317,Flaaffy,,0,49.86%,171,98.60%,218200,351,Ampharos,Normal,0,73.67%,64,98.19%,12400,41,Flaaffy,,0,
287,Marill,,183,♀,161,94,,,,40.7,16.0,16.0,Bubble,Body Slam,,"2023-11-11 16:21",,5.28kg,0.35m,0,0,0,1900,61.25%,519,97.09%,380600,289,Azumarill,,0,34.74%,1821,87.70%,492600,289,Azumarill,,0,34.07%,2311,77.79%,492600,264,Marill,,0,
288,Pikipek,,731,♀,366,64,,,,77.8,15.0,15.0,Rock Smash,Drill Peck,,"2023-11-11 16:21",,0.91kg,0.27m,0,0,0,1900,77.13%,367,96.33%,358400,293,Trumbeak,,0,58.97%,330,98.14%,199400,327,Toucannon,,0,67.86%,727,94.06%,23900,22,Pikipek,,0,
289,Marowak,Alola,105,♂,773,86,,,,87.8,15.0,15.0,Fire Spin,Shadow Ball,,"2023-11-11 16:21",,41.28kg,1.05m,0,0,0,1900,37.94%,2498,94.34%,86400,78,Marowak,Alola,0,98.82%,38,97.69%,496400,268,Marowak,Alola,0,,,,,,,,,
290,Weepinbell,,70,♂,670,92,,,,86.7,15.0,15.0,Bullet Seed,Power Whip,,"2023-11-11 16:21",,4.41kg,0.89m,0,0,0,1900,75.86%,833,96.44%,32400,130,Victreebel,,0,68.81%,794,96.99%,334400,368,Victreebel,,0,,,,,,,,,
291,Beautifly,,267,♂,534,75,,,,37.8,12.0,12.0,Struggle Bug,Air Cutter,,"2023-11-11 16:21",,44.83kg,1.21m,0,0,0,1300,51.12%,361,97.58%,199400,202,Beautifly,,0,25.09%,2664,84.02%,505400,280,Beautifly,,0,,,,,,,,,
292,Fuecoco,,909,♂,101,44,,,,40.2,4.0,4.0,Bite,Crunch,,"2023-11-11 16:21",,5.12kg,0.32m,0,0,0,400,70.49%,7,99.47%,123400,145,Crocalor,,0,68.63%,14,99.39%,152400,273,Skeledirge,,0,93.41%,2,99.80%,2600,130,Skeledirge,,0,
293,Lechonk,,915,♀,107,50,,,,6.7,7.0,7.0,Tackle,Trailblaze,,"2023-11-11 16:20",,3.55kg,0.31m,0,0,0,800,39.14%,1729,94.95%,64200,116,Oinkologne,Female,0,1.32%,3928,93.23%,515200,342,Oinkologne,Female,0,66.81%,674,94.75%,156200,150,Lechonk,,0,
294,Mareep,,179,♂,394,85,,,,54.8,16.0,16.0,Tackle,Discharge,,"2023-11-11 16:20",,5.51kg,0.47m,0,0,0,1900,71.50%,31,98.98%,420600,289,Flaaffy,,0,72.25%,27,99.41%,170600,291,Ampharos,Normal,0,61.79%,87,96.85%,17600,16,Mareep,,0,
295,Lickitung,,108,♀,810,137,,,,42.8,23.0,23.0,Zen Headbutt,Power Whip,,"2023-11-11 16:20",,62.57kg,1.18m,0,0,0,3500,56.01%,941,96.27%,3500,103,Lickilicky,,0,70.95%,251,97.90%,428000,332,Lickilicky,,0,,,,,,,,,
296,Heracross,,214,♂,1714,123,,,,45.0,21.0,21.0,Struggle Bug,Megahorn,,"2023-11-11 16:20",,32.52kg,1.18m,0,0,0,3000,,,,,,,,,82.70%,277,98.00%,80000,70,Heracross,,0,,,,,,,,,
297,Abra,,63,♂,131,26,,,,70.1,4.0,4.0,Zen Headbutt,Signal Beam,,"2023-11-11 16:20",,30.28kg,1.1m,0,0,0,400,49.08%,673,96.28%,86400,113,Kadabra,,0,40.14%,96,98.62%,118400,241,Alakazam,Normal,0,90.96%,33,98.61%,6400,35,Kadabra,,0,
298,Pawmi,,921,♀,158,58,,,,30.0,11.0,11.0,Spark,Discharge,,"2023-11-11 16:10",,3.57kg,0.36m,0,0,0,1300,49.02%,625,97.01%,44000,171,Pawmot,,0,45.38%,282,98.30%,358000,409,Pawmot,,0,53.27%,734,94.69%,13500,43,Pawmo,,0,
299,Pikachu,Normal,25,♀,35,18,,,,35.3,2.0,2.0,Quick Attack,Thunderbolt,,"2023-11-11 16:09",,6.49kg,0.4m,0,0,0,200,37.37%,354,96.80%,87600,142,Raichu,Normal,0,21.67%,2239,87.59%,519600,352,Raichu,Normal,0,39.25%,134,96.60%,55600,64,Pikachu,Normal,0,